"indicatore","territorio","anno","valore"
"tasso_di_crescita_totale","Piacenza",2002,6.5
"tasso_di_crescita_totale","Piacenza",2003,12.6
"tasso_di_crescita_totale","Piacenza",2004,10.1
"tasso_di_crescita_totale","Piacenza",2005,7.2
"tasso_di_crescita_totale","Piacenza",2006,7.5
"tasso_di_crescita_totale","Piacenza",2007,11.8
"tasso_di_crescita_totale","Piacenza",2008,15.3
"tasso_di_crescita_totale","Piacenza",2009,5.8
"tasso_di_crescita_totale","Piacenza",2010,4.6
"tasso_di_crescita_totale","Piacenza",2011,3.8
"tasso_di_crescita_totale","Piacenza",2012,2.5
"tasso_di_crescita_totale","Piacenza",2013,1
"tasso_di_crescita_totale","Piacenza",2014,-2.6
"tasso_di_crescita_totale","Piacenza",2015,-3.7
"tasso_di_crescita_totale","Piacenza",2016,-0.9
"tasso_di_crescita_totale","Piacenza",2017,0.1
"tasso_di_crescita_totale","Piacenza",2018,0.2
"tasso_di_crescita_totale","Piacenza",2019,0.6
"tasso_di_crescita_totale","Piacenza",2020,-9.4
"tasso_di_crescita_totale","Piacenza",2021,-1
"tasso_di_crescita_totale","Piacenza",2022,2.8
"tasso_di_crescita_totale","Piacenza",2023,4.1
"tasso_di_crescita_totale","Piacenza",2024,3.7
"tasso_di_crescita_totale","Piacenza",2025,4.5
"tasso_di_crescita_totale","Parma",2002,7.2
"tasso_di_crescita_totale","Parma",2003,12.2
"tasso_di_crescita_totale","Parma",2004,13.9
"tasso_di_crescita_totale","Parma",2005,7.8
"tasso_di_crescita_totale","Parma",2006,6.2
"tasso_di_crescita_totale","Parma",2007,12.5
"tasso_di_crescita_totale","Parma",2008,17.5
"tasso_di_crescita_totale","Parma",2009,8.7
"tasso_di_crescita_totale","Parma",2010,9.3
"tasso_di_crescita_totale","Parma",2011,5.5
"tasso_di_crescita_totale","Parma",2012,8.7
"tasso_di_crescita_totale","Parma",2013,7.6
"tasso_di_crescita_totale","Parma",2014,3.7
"tasso_di_crescita_totale","Parma",2015,6.4
"tasso_di_crescita_totale","Parma",2016,3.8
"tasso_di_crescita_totale","Parma",2017,4.5
"tasso_di_crescita_totale","Parma",2018,4.5
"tasso_di_crescita_totale","Parma",2019,5.3
"tasso_di_crescita_totale","Parma",2020,-11.6
"tasso_di_crescita_totale","Parma",2021,-1.6
"tasso_di_crescita_totale","Parma",2022,6.2
"tasso_di_crescita_totale","Parma",2023,5.4
"tasso_di_crescita_totale","Parma",2024,3.4
"tasso_di_crescita_totale","Parma",2025,3.9
"tasso_di_crescita_totale","Reggio nell'Emilia",2002,14.3
"tasso_di_crescita_totale","Reggio nell'Emilia",2003,20.3
"tasso_di_crescita_totale","Reggio nell'Emilia",2004,20.3
"tasso_di_crescita_totale","Reggio nell'Emilia",2005,14.8
"tasso_di_crescita_totale","Reggio nell'Emilia",2006,13.5
"tasso_di_crescita_totale","Reggio nell'Emilia",2007,17.4
"tasso_di_crescita_totale","Reggio nell'Emilia",2008,17.4
"tasso_di_crescita_totale","Reggio nell'Emilia",2009,9.8
"tasso_di_crescita_totale","Reggio nell'Emilia",2010,9.1
"tasso_di_crescita_totale","Reggio nell'Emilia",2011,5.9
"tasso_di_crescita_totale","Reggio nell'Emilia",2012,7.2
"tasso_di_crescita_totale","Reggio nell'Emilia",2013,4.2
"tasso_di_crescita_totale","Reggio nell'Emilia",2014,-2.4
"tasso_di_crescita_totale","Reggio nell'Emilia",2015,0.6
"tasso_di_crescita_totale","Reggio nell'Emilia",2016,-0.3
"tasso_di_crescita_totale","Reggio nell'Emilia",2017,0.2
"tasso_di_crescita_totale","Reggio nell'Emilia",2018,0.6
"tasso_di_crescita_totale","Reggio nell'Emilia",2019,-0.6
"tasso_di_crescita_totale","Reggio nell'Emilia",2020,-4.6
"tasso_di_crescita_totale","Reggio nell'Emilia",2021,-2.9
"tasso_di_crescita_totale","Reggio nell'Emilia",2022,2.7
"tasso_di_crescita_totale","Reggio nell'Emilia",2023,3.5
"tasso_di_crescita_totale","Reggio nell'Emilia",2024,3.5
"tasso_di_crescita_totale","Reggio nell'Emilia",2025,2.7
"tasso_di_crescita_totale","Modena",2002,10
"tasso_di_crescita_totale","Modena",2003,12.1
"tasso_di_crescita_totale","Modena",2004,11.5
"tasso_di_crescita_totale","Modena",2005,6.6
"tasso_di_crescita_totale","Modena",2006,5.5
"tasso_di_crescita_totale","Modena",2007,9.8
"tasso_di_crescita_totale","Modena",2008,14.3
"tasso_di_crescita_totale","Modena",2009,7.6
"tasso_di_crescita_totale","Modena",2010,7.5
"tasso_di_crescita_totale","Modena",2011,3.3
"tasso_di_crescita_totale","Modena",2012,4.6
"tasso_di_crescita_totale","Modena",2013,3.3
"tasso_di_crescita_totale","Modena",2014,1.7
"tasso_di_crescita_totale","Modena",2015,-0.1
"tasso_di_crescita_totale","Modena",2016,0.4
"tasso_di_crescita_totale","Modena",2017,2.1
"tasso_di_crescita_totale","Modena",2018,6.8
"tasso_di_crescita_totale","Modena",2019,0.5
"tasso_di_crescita_totale","Modena",2020,-4.8
"tasso_di_crescita_totale","Modena",2021,-2.8
"tasso_di_crescita_totale","Modena",2022,3.7
"tasso_di_crescita_totale","Modena",2023,3
"tasso_di_crescita_totale","Modena",2024,2.7
"tasso_di_crescita_totale","Modena",2025,4.5
"tasso_di_crescita_totale","Bologna",2002,5
"tasso_di_crescita_totale","Bologna",2003,7.9
"tasso_di_crescita_totale","Bologna",2004,9
"tasso_di_crescita_totale","Bologna",2005,5.2
"tasso_di_crescita_totale","Bologna",2006,5.2
"tasso_di_crescita_totale","Bologna",2007,10.4
"tasso_di_crescita_totale","Bologna",2008,11.9
"tasso_di_crescita_totale","Bologna",2009,7.3
"tasso_di_crescita_totale","Bologna",2010,6.6
"tasso_di_crescita_totale","Bologna",2011,6
"tasso_di_crescita_totale","Bologna",2012,7.5
"tasso_di_crescita_totale","Bologna",2013,5.7
"tasso_di_crescita_totale","Bologna",2014,3.1
"tasso_di_crescita_totale","Bologna",2015,2.9
"tasso_di_crescita_totale","Bologna",2016,4.8
"tasso_di_crescita_totale","Bologna",2017,2.7
"tasso_di_crescita_totale","Bologna",2018,4.9
"tasso_di_crescita_totale","Bologna",2019,3.8
"tasso_di_crescita_totale","Bologna",2020,-5.8
"tasso_di_crescita_totale","Bologna",2021,-4.7
"tasso_di_crescita_totale","Bologna",2022,3.3
"tasso_di_crescita_totale","Bologna",2023,3.3
"tasso_di_crescita_totale","Bologna",2024,2.6
"tasso_di_crescita_totale","Bologna",2025,4
"tasso_di_crescita_totale","Ferrara",2002,-0.2
"tasso_di_crescita_totale","Ferrara",2003,3.6
"tasso_di_crescita_totale","Ferrara",2004,5.4
"tasso_di_crescita_totale","Ferrara",2005,4.2
"tasso_di_crescita_totale","Ferrara",2006,4.4
"tasso_di_crescita_totale","Ferrara",2007,7.7
"tasso_di_crescita_totale","Ferrara",2008,6.2
"tasso_di_crescita_totale","Ferrara",2009,2.2
"tasso_di_crescita_totale","Ferrara",2010,2
"tasso_di_crescita_totale","Ferrara",2011,-2.4
"tasso_di_crescita_totale","Ferrara",2012,-1.6
"tasso_di_crescita_totale","Ferrara",2013,-2.3
"tasso_di_crescita_totale","Ferrara",2014,-3
"tasso_di_crescita_totale","Ferrara",2015,-7.4
"tasso_di_crescita_totale","Ferrara",2016,-8.3
"tasso_di_crescita_totale","Ferrara",2017,-3.9
"tasso_di_crescita_totale","Ferrara",2018,-2.6
"tasso_di_crescita_totale","Ferrara",2019,-3
"tasso_di_crescita_totale","Ferrara",2020,-7.1
"tasso_di_crescita_totale","Ferrara",2021,-7.3
"tasso_di_crescita_totale","Ferrara",2022,-0.8
"tasso_di_crescita_totale","Ferrara",2023,1.1
"tasso_di_crescita_totale","Ferrara",2024,-0.2
"tasso_di_crescita_totale","Ferrara",2025,2.6
"tasso_di_crescita_totale","Ravenna",2002,9.1
"tasso_di_crescita_totale","Ravenna",2003,11.7
"tasso_di_crescita_totale","Ravenna",2004,12.8
"tasso_di_crescita_totale","Ravenna",2005,11.4
"tasso_di_crescita_totale","Ravenna",2006,10.7
"tasso_di_crescita_totale","Ravenna",2007,17.4
"tasso_di_crescita_totale","Ravenna",2008,16.5
"tasso_di_crescita_totale","Ravenna",2009,9.7
"tasso_di_crescita_totale","Ravenna",2010,7.1
"tasso_di_crescita_totale","Ravenna",2011,5.3
"tasso_di_crescita_totale","Ravenna",2012,4
"tasso_di_crescita_totale","Ravenna",2013,1.7
"tasso_di_crescita_totale","Ravenna",2014,-2.2
"tasso_di_crescita_totale","Ravenna",2015,-1.1
"tasso_di_crescita_totale","Ravenna",2016,-0.2
"tasso_di_crescita_totale","Ravenna",2017,0
"tasso_di_crescita_totale","Ravenna",2018,-2.6
"tasso_di_crescita_totale","Ravenna",2019,-2.4
"tasso_di_crescita_totale","Ravenna",2020,-3.5
"tasso_di_crescita_totale","Ravenna",2021,-2.6
"tasso_di_crescita_totale","Ravenna",2022,1.9
"tasso_di_crescita_totale","Ravenna",2023,2.3
"tasso_di_crescita_totale","Ravenna",2024,-0.1
"tasso_di_crescita_totale","Ravenna",2025,1.4
"tasso_di_crescita_totale","Forli'",2002,8.9
"tasso_di_crescita_totale","Forli'",2003,11.9
"tasso_di_crescita_totale","Forli'",2004,11
"tasso_di_crescita_totale","Forli'",2005,8.2
"tasso_di_crescita_totale","Forli'",2006,7.4
"tasso_di_crescita_totale","Forli'",2007,12.9
"tasso_di_crescita_totale","Forli'",2008,11.9
"tasso_di_crescita_totale","Forli'",2009,10.1
"tasso_di_crescita_totale","Forli'",2010,6.7
"tasso_di_crescita_totale","Forli'",2011,4.5
"tasso_di_crescita_totale","Forli'",2012,2.6
"tasso_di_crescita_totale","Forli'",2013,2.5
"tasso_di_crescita_totale","Forli'",2014,-2
"tasso_di_crescita_totale","Forli'",2015,-3.1
"tasso_di_crescita_totale","Forli'",2016,-1
"tasso_di_crescita_totale","Forli'",2017,1.3
"tasso_di_crescita_totale","Forli'",2018,4
"tasso_di_crescita_totale","Forli'",2019,-0.4
"tasso_di_crescita_totale","Forli'",2020,-6.9
"tasso_di_crescita_totale","Forli'",2021,-3.4
"tasso_di_crescita_totale","Forli'",2022,0.9
"tasso_di_crescita_totale","Forli'",2023,2.9
"tasso_di_crescita_totale","Forli'",2024,1.4
"tasso_di_crescita_totale","Forli'",2025,2.5
"tasso_di_crescita_totale","Rimini",2002,10.1
"tasso_di_crescita_totale","Rimini",2003,13.3
"tasso_di_crescita_totale","Rimini",2004,14.4
"tasso_di_crescita_totale","Rimini",2005,11.2
"tasso_di_crescita_totale","Rimini",2006,13
"tasso_di_crescita_totale","Rimini",2007,13.6
"tasso_di_crescita_totale","Rimini",2008,14.7
"tasso_di_crescita_totale","Rimini",2009,10.9
"tasso_di_crescita_totale","Rimini",2010,10.6
"tasso_di_crescita_totale","Rimini",2011,6
"tasso_di_crescita_totale","Rimini",2012,9.7
"tasso_di_crescita_totale","Rimini",2013,6.4
"tasso_di_crescita_totale","Rimini",2014,2.8
"tasso_di_crescita_totale","Rimini",2015,1
"tasso_di_crescita_totale","Rimini",2016,3.8
"tasso_di_crescita_totale","Rimini",2017,1.7
"tasso_di_crescita_totale","Rimini",2018,5
"tasso_di_crescita_totale","Rimini",2019,0.8
"tasso_di_crescita_totale","Rimini",2020,2.8
"tasso_di_crescita_totale","Rimini",2021,-5.3
"tasso_di_crescita_totale","Rimini",2022,1.7
"tasso_di_crescita_totale","Rimini",2023,2.6
"tasso_di_crescita_totale","Rimini",2024,1.6
"tasso_di_crescita_totale","Rimini",2025,2.5
"tasso_di_crescita_totale","Emilia-Romagna",2002,7.8
"tasso_di_crescita_totale","Emilia-Romagna",2003,11.4
"tasso_di_crescita_totale","Emilia-Romagna",2004,11.9
"tasso_di_crescita_totale","Emilia-Romagna",2005,8.1
"tasso_di_crescita_totale","Emilia-Romagna",2006,7.7
"tasso_di_crescita_totale","Emilia-Romagna",2007,12.3
"tasso_di_crescita_totale","Emilia-Romagna",2008,13.8
"tasso_di_crescita_totale","Emilia-Romagna",2009,8
"tasso_di_crescita_totale","Emilia-Romagna",2010,7.1
"tasso_di_crescita_totale","Emilia-Romagna",2011,4.5
"tasso_di_crescita_totale","Emilia-Romagna",2012,5.5
"tasso_di_crescita_totale","Emilia-Romagna",2013,3.8
"tasso_di_crescita_totale","Emilia-Romagna",2014,0.5
"tasso_di_crescita_totale","Emilia-Romagna",2015,0.2
"tasso_di_crescita_totale","Emilia-Romagna",2016,1
"tasso_di_crescita_totale","Emilia-Romagna",2017,1.4
"tasso_di_crescita_totale","Emilia-Romagna",2018,3
"tasso_di_crescita_totale","Emilia-Romagna",2019,1
"tasso_di_crescita_totale","Emilia-Romagna",2020,-5.7
"tasso_di_crescita_totale","Emilia-Romagna",2021,-3.6
"tasso_di_crescita_totale","Emilia-Romagna",2022,2.8
"tasso_di_crescita_totale","Emilia-Romagna",2023,3.2
"tasso_di_crescita_totale","Emilia-Romagna",2024,2.3
"tasso_di_crescita_totale","Emilia-Romagna",2025,3.4
"tasso_di_crescita_totale","ITALIA",2002,3.4
"tasso_di_crescita_totale","ITALIA",2003,7.4
"tasso_di_crescita_totale","ITALIA",2004,7.5
"tasso_di_crescita_totale","ITALIA",2005,4.2
"tasso_di_crescita_totale","ITALIA",2006,3.8
"tasso_di_crescita_totale","ITALIA",2007,8.4
"tasso_di_crescita_totale","ITALIA",2008,7.1
"tasso_di_crescita_totale","ITALIA",2009,4.5
"tasso_di_crescita_totale","ITALIA",2010,4.3
"tasso_di_crescita_totale","ITALIA",2011,2.6
"tasso_di_crescita_totale","ITALIA",2012,2.9
"tasso_di_crescita_totale","ITALIA",2013,1.1
"tasso_di_crescita_totale","ITALIA",2014,-0.8
"tasso_di_crescita_totale","ITALIA",2015,-2.2
"tasso_di_crescita_totale","ITALIA",2016,-1.6
"tasso_di_crescita_totale","ITALIA",2017,-2.1
"tasso_di_crescita_totale","ITALIA",2018,-2
"tasso_di_crescita_totale","ITALIA",2019,-2.9
"tasso_di_crescita_totale","ITALIA",2020,-6.7
"tasso_di_crescita_totale","ITALIA",2021,-3.5
"tasso_di_crescita_totale","ITALIA",2022,-0.6
"tasso_di_crescita_totale","ITALIA",2023,-0.4
"tasso_di_crescita_totale","ITALIA",2024,-0.5
"tasso_di_crescita_totale","ITALIA",2025,0
