anno_inizio,provincia,alunni
2015,PARMA,47080
2015,FERRARA,32743
2015,BOLOGNA,99168
2015,REGGIO EMILIA,63140
2015,RIMINI,36413
2015,RAVENNA,41228
2015,MODENA,72303
2015,FORLI'-CESENA,35726
2015,PIACENZA,30659
2016,REGGIO EMILIA,63425
2016,BOLOGNA,101445
2016,RIMINI,37811
2016,RAVENNA,41730
2016,MODENA,85115
2016,PARMA,47912
2016,PIACENZA,30788
2016,FERRARA,34552
2016,FORLI'-CESENA,44622
2017,REGGIO EMILIA,63331
2017,RIMINI,37898
2017,FERRARA,34538
2017,RAVENNA,42050
2017,BOLOGNA,103794
2017,PARMA,48833
2017,PIACENZA,30845
2017,FORLI'-CESENA,46931
2017,MODENA,84521
2018,BOLOGNA,106696
2018,REGGIO EMILIA,63310
2018,FERRARA,34606
2018,RIMINI,38130
2018,PARMA,49319
2018,MODENA,87232
2018,RAVENNA,42300
2018,PIACENZA,30979
2018,FORLI'-CESENA,47174
2019,MODENA,87428
2019,PARMA,49825
2019,BOLOGNA,106986
2019,RAVENNA,42211
2019,FERRARA,35875
2019,REGGIO EMILIA,63283
2019,FORLI'-CESENA,47344
2019,RIMINI,38214
2019,PIACENZA,31135
2020,RAVENNA,42251
2020,BOLOGNA,107187
2020,FERRARA,35881
2020,FORLI'-CESENA,47421
2020,RIMINI,38176
2020,PARMA,50860
2020,MODENA,87438
2020,REGGIO EMILIA,62948
2020,PIACENZA,31445
2021,PIACENZA,31643
2021,BOLOGNA,107147
2021,RAVENNA,42064
2021,MODENA,87209
2021,PARMA,51135
2021,RIMINI,38199
2021,FERRARA,36144
2021,REGGIO EMILIA,62676
2021,FORLI'-CESENA,47280
2022,PIACENZA,31780
2022,BOLOGNA,106427
2022,MODENA,86544
2022,REGGIO EMILIA,61816
2022,RIMINI,37960
2022,FERRARA,36104
2022,PARMA,51275
2022,RAVENNA,42298
2022,FORLI'-CESENA,47004
2023,REGGIO EMILIA,61179
2023,MODENA,85794
2023,RAVENNA,41927
2023,BOLOGNA,107210
2023,FERRARA,36036
2023,RIMINI,37566
2023,PARMA,52059
2023,FORLI'-CESENA,46845
2023,PIACENZA,31893
2024,BOLOGNA,107099
2024,RIMINI,38271
2024,PIACENZA,31740
2024,REGGIO EMILIA,60715
2024,FERRARA,35806
2024,FORLI'-CESENA,46506
2024,PARMA,51747
2024,MODENA,85015
2024,RAVENNA,41565
