anno_inizio,ordine_scuola,comune,pro_com_t,alunni,alunni_paritaria,quota_paritaria
2015,SCUOLA PRIMARIA,PARMA,034027,8123,837,0.10304074849193648
2015,SCUOLA SECONDARIA I GRADO,PARMA,034027,4906,513,0.10456583774969425
2015,SCUOLA PRIMARIA,FIDENZA,034014,953,342,0.3588667366211962
2015,SCUOLA SECONDARIA II GRADO,TRAVERSETOLO,034042,57,57,1
2015,SCUOLA SECONDARIA I GRADO,SALSOMAGGIORE TERME,034032,559,138,0.24686940966010734
2015,SCUOLA SECONDARIA II GRADO,PARMA,034027,13099,111,0.008473929307580732
2015,SCUOLA SECONDARIA I GRADO,BUSSETO,034007,245,86,0.3510204081632653
2015,SCUOLA PRIMARIA,SALSOMAGGIORE TERME,034032,785,121,0.15414012738853503
2015,SCUOLA SECONDARIA I GRADO,FIDENZA,034014,63,63,1
2016,SCUOLA PRIMARIA,PARMA,034027,8242,874,0.10604222276146566
2016,SCUOLA SECONDARIA II GRADO,PARMA,034027,13269,107,0.008063908357826513
2016,SCUOLA PRIMARIA,FIDENZA,034014,1007,369,0.36643495531281034
2016,SCUOLA SECONDARIA I GRADO,BUSSETO,034007,246,87,0.35365853658536583
2016,SCUOLA PRIMARIA,SALSOMAGGIORE TERME,034032,800,108,0.135
2016,SCUOLA SECONDARIA II GRADO,TRAVERSETOLO,034042,49,49,1
2016,SCUOLA SECONDARIA I GRADO,FIDENZA,034014,70,70,1
2016,SCUOLA SECONDARIA I GRADO,PARMA,034027,5030,500,0.09940357852882704
2016,SCUOLA SECONDARIA I GRADO,SALSOMAGGIORE TERME,034032,572,154,0.2692307692307692
2017,SCUOLA SECONDARIA I GRADO,PARMA,034027,5087,532,0.10458030273245528
2017,SCUOLA PRIMARIA,FIDENZA,034014,1004,398,0.39641434262948205
2017,SCUOLA SECONDARIA I GRADO,SALSOMAGGIORE TERME,034032,552,144,0.2608695652173913
2017,SCUOLA PRIMARIA,PARMA,034027,8325,855,0.10270270270270271
2017,SCUOLA SECONDARIA I GRADO,FIDENZA,034014,63,63,1
2017,SCUOLA SECONDARIA I GRADO,BUSSETO,034007,262,94,0.35877862595419846
2017,SCUOLA PRIMARIA,SALSOMAGGIORE TERME,034032,814,100,0.12285012285012285
2017,SCUOLA SECONDARIA II GRADO,TRAVERSETOLO,034042,53,53,1
2017,SCUOLA SECONDARIA II GRADO,PARMA,034027,13666,108,0.007902824528025758
2018,SCUOLA SECONDARIA I GRADO,PARMA,034027,5243,549,0.10471104329582301
2018,SCUOLA PRIMARIA,SALSOMAGGIORE TERME,034032,802,97,0.12094763092269327
2018,SCUOLA SECONDARIA II GRADO,TRAVERSETOLO,034042,47,47,1
2018,SCUOLA PRIMARIA,FIDENZA,034014,1015,414,0.40788177339901477
2018,SCUOLA PRIMARIA,PARMA,034027,8274,849,0.10261058738216099
2018,SCUOLA SECONDARIA I GRADO,FIDENZA,034014,59,59,1
2018,SCUOLA SECONDARIA I GRADO,BUSSETO,034007,275,107,0.3890909090909091
2018,SCUOLA SECONDARIA II GRADO,PARMA,034027,13780,101,0.007329462989840349
2018,SCUOLA SECONDARIA I GRADO,SALSOMAGGIORE TERME,034032,588,160,0.272108843537415
2019,SCUOLA SECONDARIA I GRADO,BUSSETO,034007,276,109,0.39492753623188404
2019,SCUOLA SECONDARIA I GRADO,PARMA,034027,5322,597,0.11217587373167982
2019,SCUOLA PRIMARIA,PARMA,034027,8534,871,0.10206233887977502
2019,SCUOLA PRIMARIA,FIDENZA,034014,1048,414,0.3950381679389313
2019,SCUOLA SECONDARIA I GRADO,FIDENZA,034014,62,62,1
2019,SCUOLA SECONDARIA II GRADO,PARMA,034027,14038,121,0.008619461461746688
2019,SCUOLA SECONDARIA I GRADO,SALSOMAGGIORE TERME,034032,572,154,0.2692307692307692
2019,SCUOLA SECONDARIA II GRADO,TRAVERSETOLO,034042,35,35,1
2019,SCUOLA PRIMARIA,SALSOMAGGIORE TERME,034032,808,88,0.10891089108910891
2020,SCUOLA SECONDARIA II GRADO,TRAVERSETOLO,034042,36,36,1
2020,SCUOLA SECONDARIA I GRADO,PARMA,034027,5398,648,0.12004446091144869
2020,SCUOLA PRIMARIA,PARMA,034027,8346,871,0.1043613707165109
2020,SCUOLA PRIMARIA,FIDENZA,034014,1321,396,0.29977289931869794
2020,SCUOLA SECONDARIA II GRADO,PARMA,034027,14309,127,0.008875532881403313
2020,SCUOLA PRIMARIA,SALSOMAGGIORE TERME,034032,806,87,0.10794044665012408
2020,SCUOLA SECONDARIA I GRADO,SALSOMAGGIORE TERME,034032,587,165,0.28109028960817717
2020,SCUOLA SECONDARIA I GRADO,FIDENZA,034014,716,81,0.11312849162011174
2020,SCUOLA SECONDARIA I GRADO,BUSSETO,034007,288,117,0.40625
2021,SCUOLA PRIMARIA,PARMA,034027,8303,856,0.1030952667710466
2021,SCUOLA SECONDARIA II GRADO,PARMA,034027,14597,154,0.010550113036925395
2021,SCUOLA SECONDARIA II GRADO,TRAVERSETOLO,034042,42,42,1
2021,SCUOLA SECONDARIA I GRADO,PARMA,034027,5417,674,0.12442311242385085
2021,SCUOLA SECONDARIA I GRADO,BUSSETO,034007,305,117,0.3836065573770492
2021,SCUOLA PRIMARIA,FIDENZA,034014,1326,368,0.277526395173454
2021,SCUOLA SECONDARIA I GRADO,SALSOMAGGIORE TERME,034032,578,179,0.3096885813148789
2021,SCUOLA PRIMARIA,SALSOMAGGIORE TERME,034032,788,92,0.116751269035533
2021,SCUOLA SECONDARIA II GRADO,SALSOMAGGIORE TERME,034032,610,15,0.02459016393442623
2021,SCUOLA SECONDARIA I GRADO,FIDENZA,034014,748,97,0.12967914438502673
2022,SCUOLA SECONDARIA I GRADO,PARMA,034027,5396,682,0.12638991845811712
2022,SCUOLA PRIMARIA,PARMA,034027,8258,896,0.10850084766287237
2022,SCUOLA PRIMARIA,SALSOMAGGIORE TERME,034032,808,99,0.12252475247524752
2022,SCUOLA SECONDARIA II GRADO,PARMA,034027,14681,177,0.012056399427831892
2022,SCUOLA SECONDARIA I GRADO,BUSSETO,034007,305,119,0.3901639344262295
2022,SCUOLA SECONDARIA I GRADO,FIDENZA,034014,787,118,0.14993646759847523
2022,SCUOLA SECONDARIA I GRADO,SALSOMAGGIORE TERME,034032,586,171,0.29180887372013653
2022,SCUOLA SECONDARIA II GRADO,TRAVERSETOLO,034042,39,39,1
2022,SCUOLA PRIMARIA,FIDENZA,034014,1358,354,0.2606774668630339
2022,SCUOLA SECONDARIA II GRADO,SALSOMAGGIORE TERME,034032,550,14,0.025454545454545455
2023,SCUOLA SECONDARIA I GRADO,PARMA,034027,5367,655,0.12204210918576486
2023,SCUOLA SECONDARIA II GRADO,TRAVERSETOLO,034042,38,38,1
2023,SCUOLA PRIMARIA,PARMA,034027,8161,911,0.1116284769023404
2023,SCUOLA SECONDARIA II GRADO,SALSOMAGGIORE TERME,034032,546,24,0.04395604395604396
2023,SCUOLA PRIMARIA,FIDENZA,034014,1378,359,0.260522496371553
2023,SCUOLA SECONDARIA II GRADO,PARMA,034027,15754,209,0.013266472007109306
2023,SCUOLA SECONDARIA I GRADO,SALSOMAGGIORE TERME,034032,579,162,0.27979274611398963
2023,SCUOLA PRIMARIA,SALSOMAGGIORE TERME,034032,814,117,0.14373464373464373
2023,SCUOLA SECONDARIA I GRADO,BUSSETO,034007,290,115,0.39655172413793105
2023,SCUOLA SECONDARIA I GRADO,FIDENZA,034014,778,121,0.15552699228791775
2024,SCUOLA PRIMARIA,PARMA,034027,7943,879,0.11066347727558856
2024,SCUOLA PRIMARIA,SALSOMAGGIORE TERME,034032,791,124,0.15676359039190899
2024,SCUOLA SECONDARIA I GRADO,PARMA,034027,5335,677,0.12689784442361762
2024,SCUOLA PRIMARIA,FIDENZA,034014,1387,344,0.2480173035328046
2024,SCUOLA SECONDARIA II GRADO,PARMA,034027,15868,204,0.012856062515754978
2024,SCUOLA SECONDARIA II GRADO,SALSOMAGGIORE TERME,034032,531,33,0.062146892655367235
2024,SCUOLA SECONDARIA II GRADO,TRAVERSETOLO,034042,61,61,1
2024,SCUOLA SECONDARIA I GRADO,BUSSETO,034007,274,101,0.3686131386861314
2024,SCUOLA SECONDARIA I GRADO,SALSOMAGGIORE TERME,034032,586,164,0.27986348122866894
2024,SCUOLA SECONDARIA I GRADO,FIDENZA,034014,740,119,0.1608108108108108
2015,SCUOLA SECONDARIA I GRADO,POLESINE ZIBELLO,034050,61,0,0
2015,SCUOLA PRIMARIA,BORGO VAL DI TARO,034006,332,0,0
2015,SCUOLA PRIMARIA,LESIGNANO DE' BAGNI,034019,210,0,0
2015,SCUOLA PRIMARIA,VARANO DE' MELEGARI,034045,140,0,0
2015,SCUOLA SECONDARIA II GRADO,SALSOMAGGIORE TERME,034032,935,0,0
2015,SCUOLA SECONDARIA I GRADO,SORAGNA,034036,126,0,0
2015,SCUOLA PRIMARIA,NEVIANO DEGLI ARDUINI,034024,106,0,0
2015,SCUOLA PRIMARIA,BUSSETO,034007,269,0,0
2015,SCUOLA SECONDARIA I GRADO,FELINO,034013,222,0,0
2015,SCUOLA SECONDARIA I GRADO,VARSI,034046,18,0,0
2015,SCUOLA SECONDARIA I GRADO,ROCCABIANCA,034030,81,0,0
2015,SCUOLA PRIMARIA,POLESINE ZIBELLO,034050,114,0,0
2015,SCUOLA SECONDARIA I GRADO,BARDI,034002,39,0,0
2015,SCUOLA PRIMARIA,SISSA TRECASALI,034049,391,0,0
2015,SCUOLA PRIMARIA,MEDESANO,034020,568,0,0
2015,SCUOLA PRIMARIA,PELLEGRINO PARMENSE,034028,29,0,0
2015,SCUOLA PRIMARIA,BORE,034005,12,0,0
2015,SCUOLA PRIMARIA,SAN SECONDO PARMENSE,034033,255,0,0
2015,SCUOLA SECONDARIA I GRADO,SAN SECONDO PARMENSE,034033,141,0,0
2015,SCUOLA PRIMARIA,SORBOLO MEZZANI,034051,670,0,0
2015,SCUOLA SECONDARIA I GRADO,SISSA TRECASALI,034049,211,0,0
2015,SCUOLA PRIMARIA,TERENZO,034038,14,0,0
2015,SCUOLA PRIMARIA,NOCETO,034025,604,0,0
2015,SCUOLA PRIMARIA,BERCETO,034004,59,0,0
2015,SCUOLA PRIMARIA,TRAVERSETOLO,034042,501,0,0
2015,SCUOLA PRIMARIA,SOLIGNANO,034035,32,0,0
2015,SCUOLA PRIMARIA,COLORNO,034010,430,0,0
2015,SCUOLA PRIMARIA,BEDONIA,034003,103,0,0
2015,SCUOLA SECONDARIA II GRADO,LANGHIRANO,034018,239,0,0
2015,SCUOLA PRIMARIA,FORNOVO DI TARO,034017,305,0,0
2015,SCUOLA PRIMARIA,COMPIANO,034011,52,0,0
2015,SCUOLA PRIMARIA,TORNOLO,034040,28,0,0
2015,SCUOLA SECONDARIA II GRADO,BORGO VAL DI TARO,034006,391,0,0
2015,SCUOLA PRIMARIA,FONTEVIVO,034016,290,0,0
2015,SCUOLA PRIMARIA,MONTECHIARUGOLO,034023,469,0,0
2015,SCUOLA PRIMARIA,MONCHIO DELLE CORTI,034022,23,0,0
2015,SCUOLA PRIMARIA,PALANZANO,034026,20,0,0
2015,SCUOLA PRIMARIA,TIZZANO VAL PARMA,034039,83,0,0
2015,SCUOLA SECONDARIA II GRADO,FIDENZA,034014,1776,0,0
2015,SCUOLA SECONDARIA II GRADO,FORNOVO DI TARO,034017,359,0,0
2015,SCUOLA PRIMARIA,SORAGNA,034036,220,0,0
2015,SCUOLA SECONDARIA I GRADO,COLLECCHIO,034009,354,0,0
2015,SCUOLA PRIMARIA,SALA BAGANZA,034031,258,0,0
2015,SCUOLA SECONDARIA I GRADO,CALESTANO,034008,44,0,0
2015,SCUOLA SECONDARIA I GRADO,TRAVERSETOLO,034042,265,0,0
2015,SCUOLA PRIMARIA,FELINO,034013,462,0,0
2015,SCUOLA PRIMARIA,CORNIGLIO,034012,68,0,0
2015,SCUOLA PRIMARIA,ROCCABIANCA,034030,115,0,0
2015,SCUOLA PRIMARIA,VARSI,034046,28,0,0
2015,SCUOLA PRIMARIA,BARDI,034002,62,0,0
2015,SCUOLA SECONDARIA I GRADO,TORRILE,034041,218,0,0
2015,SCUOLA SECONDARIA I GRADO,NEVIANO DEGLI ARDUINI,034024,72,0,0
2015,SCUOLA SECONDARIA I GRADO,SORBOLO MEZZANI,034051,391,0,0
2015,SCUOLA SECONDARIA I GRADO,FONTEVIVO,034016,133,0,0
2015,SCUOLA PRIMARIA,TORRILE,034041,429,0,0
2015,SCUOLA SECONDARIA I GRADO,FONTANELLATO,034015,156,0,0
2015,SCUOLA SECONDARIA I GRADO,ALBARETO,034001,35,0,0
2015,SCUOLA SECONDARIA I GRADO,BORGO VAL DI TARO,034006,195,0,0
2015,SCUOLA SECONDARIA I GRADO,SOLIGNANO,034035,48,0,0
2015,SCUOLA SECONDARIA I GRADO,PELLEGRINO PARMENSE,034028,23,0,0
2015,SCUOLA SECONDARIA I GRADO,VARANO DE' MELEGARI,034045,90,0,0
2015,SCUOLA SECONDARIA I GRADO,BERCETO,034004,20,0,0
2015,SCUOLA SECONDARIA I GRADO,FORNOVO DI TARO,034017,223,0,0
2015,SCUOLA SECONDARIA I GRADO,LANGHIRANO,034018,274,0,0
2015,SCUOLA PRIMARIA,COLLECCHIO,034009,759,0,0
2015,SCUOLA SECONDARIA I GRADO,BEDONIA,034003,119,0,0
2015,SCUOLA SECONDARIA I GRADO,PALANZANO,034026,22,0,0
2015,SCUOLA SECONDARIA I GRADO,MEDESANO,034020,251,0,0
2015,SCUOLA SECONDARIA I GRADO,TORNOLO,034040,12,0,0
2015,SCUOLA SECONDARIA I GRADO,NOCETO,034025,371,0,0
2015,SCUOLA SECONDARIA I GRADO,TIZZANO VAL PARMA,034039,36,0,0
2015,SCUOLA SECONDARIA I GRADO,CORNIGLIO,034012,21,0,0
2015,SCUOLA SECONDARIA II GRADO,SAN SECONDO PARMENSE,034033,627,0,0
2015,SCUOLA SECONDARIA I GRADO,COLORNO,034010,292,0,0
2015,SCUOLA SECONDARIA I GRADO,MONTECHIARUGOLO,034023,278,0,0
2015,SCUOLA SECONDARIA I GRADO,LESIGNANO DE' BAGNI,034019,113,0,0
2015,SCUOLA PRIMARIA,LANGHIRANO,034018,501,0,0
2015,SCUOLA PRIMARIA,FONTANELLATO,034015,263,0,0
2015,SCUOLA PRIMARIA,CALESTANO,034008,67,0,0
2015,SCUOLA SECONDARIA II GRADO,BEDONIA,034003,187,0,0
2015,SCUOLA SECONDARIA I GRADO,SALA BAGANZA,034031,135,0,0
2015,SCUOLA PRIMARIA,ALBARETO,034001,49,0,0
2016,SCUOLA PRIMARIA,POLESINE ZIBELLO,034050,114,0,0
2016,SCUOLA SECONDARIA II GRADO,FIDENZA,034014,1756,0,0
2016,SCUOLA PRIMARIA,SORBOLO MEZZANI,034051,691,0,0
2016,SCUOLA PRIMARIA,BUSSETO,034007,302,0,0
2016,SCUOLA PRIMARIA,SORAGNA,034036,214,0,0
2016,SCUOLA PRIMARIA,FONTEVIVO,034016,289,0,0
2016,SCUOLA SECONDARIA II GRADO,FORNOVO DI TARO,034017,383,0,0
2016,SCUOLA PRIMARIA,SALA BAGANZA,034031,248,0,0
2016,SCUOLA PRIMARIA,FONTANELLATO,034015,271,0,0
2016,SCUOLA SECONDARIA II GRADO,SALSOMAGGIORE TERME,034032,924,0,0
2016,SCUOLA SECONDARIA I GRADO,SORAGNA,034036,138,0,0
2016,SCUOLA SECONDARIA II GRADO,BORGO VAL DI TARO,034006,372,0,0
2016,SCUOLA PRIMARIA,MONTECHIARUGOLO,034023,497,0,0
2016,SCUOLA PRIMARIA,FELINO,034013,460,0,0
2016,SCUOLA PRIMARIA,NEVIANO DEGLI ARDUINI,034024,125,0,0
2016,SCUOLA PRIMARIA,CALESTANO,034008,82,0,0
2016,SCUOLA PRIMARIA,COLLECCHIO,034009,794,0,0
2016,SCUOLA SECONDARIA II GRADO,SAN SECONDO PARMENSE,034033,617,0,0
2016,SCUOLA PRIMARIA,NOCETO,034025,602,0,0
2016,SCUOLA PRIMARIA,COLORNO,034010,422,0,0
2016,SCUOLA SECONDARIA I GRADO,SOLIGNANO,034035,40,0,0
2016,SCUOLA PRIMARIA,TORNOLO,034040,29,0,0
2016,SCUOLA PRIMARIA,COMPIANO,034011,52,0,0
2016,SCUOLA PRIMARIA,BEDONIA,034003,109,0,0
2016,SCUOLA PRIMARIA,TORRILE,034041,455,0,0
2016,SCUOLA SECONDARIA I GRADO,BERCETO,034004,22,0,0
2016,SCUOLA SECONDARIA I GRADO,FORNOVO DI TARO,034017,216,0,0
2016,SCUOLA PRIMARIA,PALANZANO,034026,12,0,0
2016,SCUOLA PRIMARIA,MONCHIO DELLE CORTI,034022,14,0,0
2016,SCUOLA SECONDARIA I GRADO,MONTECHIARUGOLO,034023,290,0,0
2016,SCUOLA SECONDARIA I GRADO,COLORNO,034010,292,0,0
2016,SCUOLA SECONDARIA II GRADO,BEDONIA,034003,203,0,0
2016,SCUOLA PRIMARIA,TRAVERSETOLO,034042,460,0,0
2016,SCUOLA SECONDARIA I GRADO,CALESTANO,034008,41,0,0
2016,SCUOLA SECONDARIA I GRADO,SALA BAGANZA,034031,141,0,0
2016,SCUOLA SECONDARIA I GRADO,TORRILE,034041,225,0,0
2016,SCUOLA SECONDARIA I GRADO,SORBOLO MEZZANI,034051,393,0,0
2016,SCUOLA SECONDARIA I GRADO,FONTEVIVO,034016,148,0,0
2016,SCUOLA SECONDARIA I GRADO,TRAVERSETOLO,034042,285,0,0
2016,SCUOLA SECONDARIA I GRADO,COLLECCHIO,034009,361,0,0
2016,SCUOLA SECONDARIA I GRADO,NOCETO,034025,391,0,0
2016,SCUOLA SECONDARIA I GRADO,FELINO,034013,250,0,0
2016,SCUOLA SECONDARIA I GRADO,BARDI,034002,30,0,0
2016,SCUOLA SECONDARIA I GRADO,MEDESANO,034020,268,0,0
2016,SCUOLA SECONDARIA I GRADO,TORNOLO,034040,10,0,0
2016,SCUOLA SECONDARIA I GRADO,BEDONIA,034003,117,0,0
2016,SCUOLA PRIMARIA,LESIGNANO DE' BAGNI,034019,212,0,0
2016,SCUOLA PRIMARIA,SISSA TRECASALI,034049,397,0,0
2016,SCUOLA PRIMARIA,CORNIGLIO,034012,65,0,0
2016,SCUOLA PRIMARIA,TIZZANO VAL PARMA,034039,86,0,0
2016,SCUOLA SECONDARIA I GRADO,POLESINE ZIBELLO,034050,55,0,0
2016,SCUOLA SECONDARIA II GRADO,LANGHIRANO,034018,222,0,0
2016,SCUOLA PRIMARIA,BORE,034005,11,0,0
2016,SCUOLA SECONDARIA I GRADO,VARSI,034046,22,0,0
2016,SCUOLA PRIMARIA,PELLEGRINO PARMENSE,034028,31,0,0
2016,SCUOLA SECONDARIA I GRADO,VARANO DE' MELEGARI,034045,96,0,0
2016,SCUOLA PRIMARIA,BORGO VAL DI TARO,034006,328,0,0
2016,SCUOLA SECONDARIA I GRADO,BORGO VAL DI TARO,034006,194,0,0
2016,SCUOLA SECONDARIA I GRADO,SISSA TRECASALI,034049,223,0,0
2016,SCUOLA PRIMARIA,MEDESANO,034020,554,0,0
2016,SCUOLA PRIMARIA,BARDI,034002,61,0,0
2016,SCUOLA SECONDARIA I GRADO,LESIGNANO DE' BAGNI,034019,119,0,0
2016,SCUOLA SECONDARIA I GRADO,NEVIANO DEGLI ARDUINI,034024,59,0,0
2016,SCUOLA PRIMARIA,ALBARETO,034001,55,0,0
2016,SCUOLA PRIMARIA,VARANO DE' MELEGARI,034045,146,0,0
2016,SCUOLA SECONDARIA I GRADO,FONTANELLATO,034015,156,0,0
2016,SCUOLA SECONDARIA I GRADO,ALBARETO,034001,26,0,0
2016,SCUOLA SECONDARIA I GRADO,PELLEGRINO PARMENSE,034028,23,0,0
2016,SCUOLA SECONDARIA I GRADO,TIZZANO VAL PARMA,034039,44,0,0
2016,SCUOLA SECONDARIA I GRADO,PALANZANO,034026,32,0,0
2016,SCUOLA SECONDARIA I GRADO,LANGHIRANO,034018,295,0,0
2016,SCUOLA PRIMARIA,FORNOVO DI TARO,034017,303,0,0
2016,SCUOLA PRIMARIA,SOLIGNANO,034035,35,0,0
2016,SCUOLA PRIMARIA,TERENZO,034038,14,0,0
2016,SCUOLA SECONDARIA I GRADO,CORNIGLIO,034012,22,0,0
2016,SCUOLA PRIMARIA,BERCETO,034004,52,0,0
2016,SCUOLA PRIMARIA,LANGHIRANO,034018,493,0,0
2016,SCUOLA PRIMARIA,VARSI,034046,35,0,0
2016,SCUOLA PRIMARIA,SAN SECONDO PARMENSE,034033,282,0,0
2016,SCUOLA PRIMARIA,ROCCABIANCA,034030,116,0,0
2016,SCUOLA SECONDARIA I GRADO,SAN SECONDO PARMENSE,034033,138,0,0
2016,SCUOLA SECONDARIA I GRADO,ROCCABIANCA,034030,72,0,0
2017,SCUOLA PRIMARIA,SORBOLO MEZZANI,034051,689,0,0
2017,SCUOLA SECONDARIA II GRADO,FORNOVO DI TARO,034017,409,0,0
2017,SCUOLA PRIMARIA,BUSSETO,034007,292,0,0
2017,SCUOLA SECONDARIA II GRADO,BEDONIA,034003,225,0,0
2017,SCUOLA SECONDARIA I GRADO,SORAGNA,034036,133,0,0
2017,SCUOLA PRIMARIA,SOLIGNANO,034035,42,0,0
2017,SCUOLA SECONDARIA I GRADO,ROCCABIANCA,034030,78,0,0
2017,SCUOLA SECONDARIA II GRADO,SALSOMAGGIORE TERME,034032,892,0,0
2017,SCUOLA PRIMARIA,FONTEVIVO,034016,291,0,0
2017,SCUOLA PRIMARIA,NEVIANO DEGLI ARDUINI,034024,122,0,0
2017,SCUOLA PRIMARIA,FELINO,034013,445,0,0
2017,SCUOLA PRIMARIA,POLESINE ZIBELLO,034050,101,0,0
2017,SCUOLA SECONDARIA I GRADO,COLLECCHIO,034009,401,0,0
2017,SCUOLA PRIMARIA,TERENZO,034038,14,0,0
2017,SCUOLA SECONDARIA I GRADO,MONTECHIARUGOLO,034023,304,0,0
2017,SCUOLA SECONDARIA I GRADO,SISSA TRECASALI,034049,244,0,0
2017,SCUOLA SECONDARIA I GRADO,SALA BAGANZA,034031,149,0,0
2017,SCUOLA PRIMARIA,CORNIGLIO,034012,63,0,0
2017,SCUOLA PRIMARIA,LESIGNANO DE' BAGNI,034019,219,0,0
2017,SCUOLA PRIMARIA,SALA BAGANZA,034031,240,0,0
2017,SCUOLA SECONDARIA I GRADO,CALESTANO,034008,44,0,0
2017,SCUOLA SECONDARIA I GRADO,COLORNO,034010,271,0,0
2017,SCUOLA PRIMARIA,TIZZANO VAL PARMA,034039,79,0,0
2017,SCUOLA SECONDARIA I GRADO,BORGO VAL DI TARO,034006,189,0,0
2017,SCUOLA SECONDARIA II GRADO,FIDENZA,034014,2142,0,0
2017,SCUOLA SECONDARIA I GRADO,MEDESANO,034020,278,0,0
2017,SCUOLA SECONDARIA I GRADO,NOCETO,034025,374,0,0
2017,SCUOLA SECONDARIA I GRADO,PELLEGRINO PARMENSE,034028,27,0,0
2017,SCUOLA PRIMARIA,PALANZANO,034026,14,0,0
2017,SCUOLA SECONDARIA II GRADO,BORGO VAL DI TARO,034006,359,0,0
2017,SCUOLA SECONDARIA I GRADO,VARANO DE' MELEGARI,034045,96,0,0
2017,SCUOLA PRIMARIA,SISSA TRECASALI,034049,360,0,0
2017,SCUOLA SECONDARIA I GRADO,FONTEVIVO,034016,148,0,0
2017,SCUOLA SECONDARIA I GRADO,FONTANELLATO,034015,152,0,0
2017,SCUOLA PRIMARIA,MONCHIO DELLE CORTI,034022,13,0,0
2017,SCUOLA SECONDARIA I GRADO,VARSI,034046,23,0,0
2017,SCUOLA SECONDARIA I GRADO,BARDI,034002,38,0,0
2017,SCUOLA PRIMARIA,BEDONIA,034003,110,0,0
2017,SCUOLA SECONDARIA I GRADO,ALBARETO,034001,18,0,0
2017,SCUOLA SECONDARIA I GRADO,SORBOLO MEZZANI,034051,401,0,0
2017,SCUOLA PRIMARIA,TORNOLO,034040,30,0,0
2017,SCUOLA SECONDARIA I GRADO,LANGHIRANO,034018,311,0,0
2017,SCUOLA PRIMARIA,MONTECHIARUGOLO,034023,531,0,0
2017,SCUOLA PRIMARIA,COMPIANO,034011,47,0,0
2017,SCUOLA SECONDARIA I GRADO,LESIGNANO DE' BAGNI,034019,128,0,0
2017,SCUOLA SECONDARIA I GRADO,NEVIANO DEGLI ARDUINI,034024,51,0,0
2017,SCUOLA SECONDARIA II GRADO,LANGHIRANO,034018,236,0,0
2017,SCUOLA SECONDARIA I GRADO,BERCETO,034004,23,0,0
2017,SCUOLA SECONDARIA I GRADO,FORNOVO DI TARO,034017,230,0,0
2017,SCUOLA SECONDARIA I GRADO,TIZZANO VAL PARMA,034039,56,0,0
2017,SCUOLA SECONDARIA I GRADO,CORNIGLIO,034012,22,0,0
2017,SCUOLA SECONDARIA I GRADO,SOLIGNANO,034035,40,0,0
2017,SCUOLA SECONDARIA I GRADO,BEDONIA,034003,114,0,0
2017,SCUOLA SECONDARIA I GRADO,MONCHIO DELLE CORTI,034022,14,0,0
2017,SCUOLA SECONDARIA I GRADO,TRAVERSETOLO,034042,282,0,0
2017,SCUOLA SECONDARIA I GRADO,PALANZANO,034026,19,0,0
2017,SCUOLA PRIMARIA,TRAVERSETOLO,034042,421,0,0
2017,SCUOLA SECONDARIA I GRADO,TORRILE,034041,230,0,0
2017,SCUOLA SECONDARIA I GRADO,TORNOLO,034040,7,0,0
2017,SCUOLA PRIMARIA,ROCCABIANCA,034030,126,0,0
2017,SCUOLA PRIMARIA,SAN SECONDO PARMENSE,034033,273,0,0
2017,SCUOLA PRIMARIA,BARDI,034002,68,0,0
2017,SCUOLA PRIMARIA,MEDESANO,034020,519,0,0
2017,SCUOLA PRIMARIA,TORRILE,034041,451,0,0
2017,SCUOLA PRIMARIA,SORAGNA,034036,224,0,0
2017,SCUOLA PRIMARIA,PELLEGRINO PARMENSE,034028,36,0,0
2017,SCUOLA PRIMARIA,BORE,034005,10,0,0
2017,SCUOLA PRIMARIA,CALESTANO,034008,82,0,0
2017,SCUOLA PRIMARIA,NOCETO,034025,643,0,0
2017,SCUOLA PRIMARIA,COLLECCHIO,034009,775,0,0
2017,SCUOLA PRIMARIA,COLORNO,034010,427,0,0
2017,SCUOLA PRIMARIA,VARSI,034046,37,0,0
2017,SCUOLA PRIMARIA,BORGO VAL DI TARO,034006,326,0,0
2017,SCUOLA PRIMARIA,VARANO DE' MELEGARI,034045,150,0,0
2017,SCUOLA SECONDARIA II GRADO,SAN SECONDO PARMENSE,034033,618,0,0
2017,SCUOLA PRIMARIA,ALBARETO,034001,60,0,0
2017,SCUOLA PRIMARIA,FONTANELLATO,034015,270,0,0
2017,SCUOLA PRIMARIA,LANGHIRANO,034018,493,0,0
2017,SCUOLA SECONDARIA I GRADO,FELINO,034013,274,0,0
2017,SCUOLA PRIMARIA,FORNOVO DI TARO,034017,295,0,0
2017,SCUOLA SECONDARIA I GRADO,POLESINE ZIBELLO,034050,57,0,0
2017,SCUOLA PRIMARIA,BERCETO,034004,52,0,0
2017,SCUOLA SECONDARIA I GRADO,SAN SECONDO PARMENSE,034033,138,0,0
2018,SCUOLA SECONDARIA I GRADO,BEDONIA,034003,95,0,0
2018,SCUOLA SECONDARIA II GRADO,SALSOMAGGIORE TERME,034032,830,0,0
2018,SCUOLA SECONDARIA II GRADO,BEDONIA,034003,240,0,0
2018,SCUOLA SECONDARIA II GRADO,FIDENZA,034014,2220,0,0
2018,SCUOLA PRIMARIA,SORAGNA,034036,213,0,0
2018,SCUOLA SECONDARIA II GRADO,SAN SECONDO PARMENSE,034033,604,0,0
2018,SCUOLA PRIMARIA,ROCCABIANCA,034030,115,0,0
2018,SCUOLA PRIMARIA,MONTECHIARUGOLO,034023,544,0,0
2018,SCUOLA SECONDARIA I GRADO,TRAVERSETOLO,034042,292,0,0
2018,SCUOLA SECONDARIA I GRADO,TORRILE,034041,241,0,0
2018,SCUOLA SECONDARIA II GRADO,LANGHIRANO,034018,264,0,0
2018,SCUOLA PRIMARIA,SISSA TRECASALI,034049,357,0,0
2018,SCUOLA SECONDARIA I GRADO,TIZZANO VAL PARMA,034039,56,0,0
2018,SCUOLA SECONDARIA I GRADO,CORNIGLIO,034012,25,0,0
2018,SCUOLA SECONDARIA II GRADO,FORNOVO DI TARO,034017,476,0,0
2018,SCUOLA SECONDARIA I GRADO,LESIGNANO DE' BAGNI,034019,137,0,0
2018,SCUOLA SECONDARIA I GRADO,PALANZANO,034026,10,0,0
2018,SCUOLA PRIMARIA,SAN SECONDO PARMENSE,034033,280,0,0
2018,SCUOLA SECONDARIA I GRADO,MONCHIO DELLE CORTI,034022,15,0,0
2018,SCUOLA SECONDARIA I GRADO,SORAGNA,034036,148,0,0
2018,SCUOLA PRIMARIA,CORNIGLIO,034012,61,0,0
2018,SCUOLA SECONDARIA I GRADO,ROCCABIANCA,034030,78,0,0
2018,SCUOLA PRIMARIA,TRAVERSETOLO,034042,400,0,0
2018,SCUOLA SECONDARIA I GRADO,SAN SECONDO PARMENSE,034033,146,0,0
2018,SCUOLA PRIMARIA,LESIGNANO DE' BAGNI,034019,218,0,0
2018,SCUOLA PRIMARIA,COLORNO,034010,429,0,0
2018,SCUOLA SECONDARIA I GRADO,BARDI,034002,30,0,0
2018,SCUOLA SECONDARIA I GRADO,TORNOLO,034040,10,0,0
2018,SCUOLA PRIMARIA,NEVIANO DEGLI ARDUINI,034024,129,0,0
2018,SCUOLA PRIMARIA,TORRILE,034041,459,0,0
2018,SCUOLA PRIMARIA,FELINO,034013,443,0,0
2018,SCUOLA PRIMARIA,BUSSETO,034007,292,0,0
2018,SCUOLA PRIMARIA,BEDONIA,034003,126,0,0
2018,SCUOLA PRIMARIA,MONCHIO DELLE CORTI,034022,16,0,0
2018,SCUOLA SECONDARIA I GRADO,VARSI,034046,21,0,0
2018,SCUOLA SECONDARIA I GRADO,COLLECCHIO,034009,453,0,0
2018,SCUOLA SECONDARIA I GRADO,CALESTANO,034008,52,0,0
2018,SCUOLA PRIMARIA,NOCETO,034025,634,0,0
2018,SCUOLA PRIMARIA,PALANZANO,034026,17,0,0
2018,SCUOLA PRIMARIA,MEDESANO,034020,521,0,0
2018,SCUOLA SECONDARIA I GRADO,PELLEGRINO PARMENSE,034028,20,0,0
2018,SCUOLA SECONDARIA I GRADO,ALBARETO,034001,32,0,0
2018,SCUOLA PRIMARIA,TIZZANO VAL PARMA,034039,89,0,0
2018,SCUOLA SECONDARIA I GRADO,BORGO VAL DI TARO,034006,217,0,0
2018,SCUOLA PRIMARIA,SALA BAGANZA,034031,242,0,0
2018,SCUOLA SECONDARIA I GRADO,VARANO DE' MELEGARI,034045,111,0,0
2018,SCUOLA PRIMARIA,COLLECCHIO,034009,792,0,0
2018,SCUOLA SECONDARIA I GRADO,SOLIGNANO,034035,28,0,0
2018,SCUOLA SECONDARIA I GRADO,BERCETO,034004,23,0,0
2018,SCUOLA SECONDARIA I GRADO,FONTANELLATO,034015,138,0,0
2018,SCUOLA SECONDARIA I GRADO,LANGHIRANO,034018,314,0,0
2018,SCUOLA SECONDARIA I GRADO,FORNOVO DI TARO,034017,232,0,0
2018,SCUOLA SECONDARIA II GRADO,BORGO VAL DI TARO,034006,345,0,0
2018,SCUOLA PRIMARIA,CALESTANO,034008,79,0,0
2018,SCUOLA PRIMARIA,POLESINE ZIBELLO,034050,104,0,0
2018,SCUOLA PRIMARIA,TORNOLO,034040,25,0,0
2018,SCUOLA SECONDARIA I GRADO,SORBOLO MEZZANI,034051,411,0,0
2018,SCUOLA PRIMARIA,COMPIANO,034011,39,0,0
2018,SCUOLA PRIMARIA,SOLIGNANO,034035,43,0,0
2018,SCUOLA PRIMARIA,FONTEVIVO,034016,292,0,0
2018,SCUOLA SECONDARIA I GRADO,FONTEVIVO,034016,148,0,0
2018,SCUOLA PRIMARIA,BERCETO,034004,58,0,0
2018,SCUOLA PRIMARIA,LANGHIRANO,034018,492,0,0
2018,SCUOLA PRIMARIA,TERENZO,034038,11,0,0
2018,SCUOLA SECONDARIA I GRADO,COLORNO,034010,250,0,0
2018,SCUOLA PRIMARIA,FORNOVO DI TARO,034017,282,0,0
2018,SCUOLA SECONDARIA I GRADO,SISSA TRECASALI,034049,242,0,0
2018,SCUOLA SECONDARIA I GRADO,MONTECHIARUGOLO,034023,317,0,0
2018,SCUOLA PRIMARIA,BARDI,034002,67,0,0
2018,SCUOLA SECONDARIA I GRADO,NOCETO,034025,365,0,0
2018,SCUOLA SECONDARIA I GRADO,MEDESANO,034020,277,0,0
2018,SCUOLA PRIMARIA,BORGO VAL DI TARO,034006,291,0,0
2018,SCUOLA PRIMARIA,VARANO DE' MELEGARI,034045,132,0,0
2018,SCUOLA PRIMARIA,PELLEGRINO PARMENSE,034028,37,0,0
2018,SCUOLA PRIMARIA,BORE,034005,7,0,0
2018,SCUOLA PRIMARIA,VARSI,034046,43,0,0
2018,SCUOLA PRIMARIA,SORBOLO MEZZANI,034051,660,0,0
2018,SCUOLA PRIMARIA,FONTANELLATO,034015,293,0,0
2018,SCUOLA SECONDARIA I GRADO,FELINO,034013,280,0,0
2018,SCUOLA SECONDARIA I GRADO,POLESINE ZIBELLO,034050,57,0,0
2018,SCUOLA PRIMARIA,ALBARETO,034001,66,0,0
2018,SCUOLA SECONDARIA I GRADO,SALA BAGANZA,034031,156,0,0
2018,SCUOLA SECONDARIA I GRADO,NEVIANO DEGLI ARDUINI,034024,64,0,0
2019,SCUOLA SECONDARIA I GRADO,FONTANELLATO,034015,155,0,0
2019,SCUOLA PRIMARIA,COLLECCHIO,034009,767,0,0
2019,SCUOLA SECONDARIA II GRADO,FIDENZA,034014,2237,0,0
2019,SCUOLA PRIMARIA,FONTEVIVO,034016,297,0,0
2019,SCUOLA SECONDARIA I GRADO,VARANO DE' MELEGARI,034045,114,0,0
2019,SCUOLA PRIMARIA,MONTECHIARUGOLO,034023,550,0,0
2019,SCUOLA SECONDARIA II GRADO,FORNOVO DI TARO,034017,570,0,0
2019,SCUOLA PRIMARIA,SORBOLO MEZZANI,034051,654,0,0
2019,SCUOLA SECONDARIA II GRADO,LANGHIRANO,034018,288,0,0
2019,SCUOLA PRIMARIA,NEVIANO DEGLI ARDUINI,034024,130,0,0
2019,SCUOLA SECONDARIA I GRADO,VARSI,034046,20,0,0
2019,SCUOLA PRIMARIA,FONTANELLATO,034015,292,0,0
2019,SCUOLA SECONDARIA I GRADO,SORBOLO MEZZANI,034051,387,0,0
2019,SCUOLA SECONDARIA I GRADO,FONTEVIVO,034016,128,0,0
2019,SCUOLA SECONDARIA II GRADO,BORGO VAL DI TARO,034006,322,0,0
2019,SCUOLA SECONDARIA I GRADO,LANGHIRANO,034018,301,0,0
2019,SCUOLA SECONDARIA II GRADO,SAN SECONDO PARMENSE,034033,622,0,0
2019,SCUOLA SECONDARIA I GRADO,PELLEGRINO PARMENSE,034028,17,0,0
2019,SCUOLA SECONDARIA I GRADO,BORGO VAL DI TARO,034006,215,0,0
2019,SCUOLA SECONDARIA I GRADO,ALBARETO,034001,37,0,0
2019,SCUOLA SECONDARIA I GRADO,MEDESANO,034020,268,0,0
2019,SCUOLA SECONDARIA II GRADO,BEDONIA,034003,256,0,0
2019,SCUOLA SECONDARIA II GRADO,SALSOMAGGIORE TERME,034032,760,0,0
2019,SCUOLA SECONDARIA I GRADO,NOCETO,034025,375,0,0
2019,SCUOLA PRIMARIA,ALBARETO,034001,62,0,0
2019,SCUOLA SECONDARIA I GRADO,CORNIGLIO,034012,27,0,0
2019,SCUOLA SECONDARIA I GRADO,TIZZANO VAL PARMA,034039,62,0,0
2019,SCUOLA SECONDARIA I GRADO,COLORNO,034010,258,0,0
2019,SCUOLA PRIMARIA,MEDESANO,034020,496,0,0
2019,SCUOLA PRIMARIA,CALESTANO,034008,82,0,0
2019,SCUOLA SECONDARIA I GRADO,SAN SECONDO PARMENSE,034033,160,0,0
2019,SCUOLA PRIMARIA,BORGO VAL DI TARO,034006,280,0,0
2019,SCUOLA PRIMARIA,FELINO,034013,429,0,0
2019,SCUOLA SECONDARIA I GRADO,BARDI,034002,36,0,0
2019,SCUOLA PRIMARIA,BARDI,034002,56,0,0
2019,SCUOLA SECONDARIA I GRADO,SORAGNA,034036,151,0,0
2019,SCUOLA PRIMARIA,SALA BAGANZA,034031,220,0,0
2019,SCUOLA SECONDARIA I GRADO,SOLIGNANO,034035,28,0,0
2019,SCUOLA PRIMARIA,SAN SECONDO PARMENSE,034033,291,0,0
2019,SCUOLA PRIMARIA,ROCCABIANCA,034030,119,0,0
2019,SCUOLA PRIMARIA,BERCETO,034004,52,0,0
2019,SCUOLA PRIMARIA,POLESINE ZIBELLO,034050,90,0,0
2019,SCUOLA PRIMARIA,BUSSETO,034007,282,0,0
2019,SCUOLA PRIMARIA,TERENZO,034038,20,0,0
2019,SCUOLA PRIMARIA,SORAGNA,034036,220,0,0
2019,SCUOLA SECONDARIA I GRADO,FORNOVO DI TARO,034017,243,0,0
2019,SCUOLA SECONDARIA I GRADO,ROCCABIANCA,034030,84,0,0
2019,SCUOLA SECONDARIA I GRADO,BERCETO,034004,19,0,0
2019,SCUOLA SECONDARIA I GRADO,FELINO,034013,293,0,0
2019,SCUOLA SECONDARIA I GRADO,SALA BAGANZA,034031,168,0,0
2019,SCUOLA SECONDARIA I GRADO,COLLECCHIO,034009,489,0,0
2019,SCUOLA SECONDARIA I GRADO,CALESTANO,034008,61,0,0
2019,SCUOLA SECONDARIA I GRADO,SISSA TRECASALI,034049,244,0,0
2019,SCUOLA PRIMARIA,TRAVERSETOLO,034042,356,0,0
2019,SCUOLA PRIMARIA,PELLEGRINO PARMENSE,034028,34,0,0
2019,SCUOLA SECONDARIA I GRADO,MONTECHIARUGOLO,034023,317,0,0
2019,SCUOLA PRIMARIA,VARSI,034046,40,0,0
2019,SCUOLA SECONDARIA I GRADO,TRAVERSETOLO,034042,283,0,0
2019,SCUOLA PRIMARIA,TORNOLO,034040,17,0,0
2019,SCUOLA PRIMARIA,TORRILE,034041,452,0,0
2019,SCUOLA PRIMARIA,VARANO DE' MELEGARI,034045,141,0,0
2019,SCUOLA SECONDARIA I GRADO,TORRILE,034041,269,0,0
2019,SCUOLA PRIMARIA,BEDONIA,034003,126,0,0
2019,SCUOLA SECONDARIA I GRADO,POLESINE ZIBELLO,034050,65,0,0
2019,SCUOLA PRIMARIA,SISSA TRECASALI,034049,342,0,0
2019,SCUOLA PRIMARIA,COMPIANO,034011,39,0,0
2019,SCUOLA PRIMARIA,FORNOVO DI TARO,034017,268,0,0
2019,SCUOLA PRIMARIA,SOLIGNANO,034035,47,0,0
2019,SCUOLA SECONDARIA I GRADO,TORNOLO,034040,15,0,0
2019,SCUOLA SECONDARIA I GRADO,BEDONIA,034003,95,0,0
2019,SCUOLA PRIMARIA,PALANZANO,034026,19,0,0
2019,SCUOLA PRIMARIA,TIZZANO VAL PARMA,034039,79,0,0
2019,SCUOLA PRIMARIA,CORNIGLIO,034012,57,0,0
2019,SCUOLA PRIMARIA,MONCHIO DELLE CORTI,034022,16,0,0
2019,SCUOLA PRIMARIA,LANGHIRANO,034018,504,0,0
2019,SCUOLA PRIMARIA,NOCETO,034025,658,0,0
2019,SCUOLA SECONDARIA I GRADO,PALANZANO,034026,9,0,0
2019,SCUOLA SECONDARIA I GRADO,NEVIANO DEGLI ARDUINI,034024,64,0,0
2019,SCUOLA PRIMARIA,COLORNO,034010,415,0,0
2019,SCUOLA SECONDARIA I GRADO,LESIGNANO DE' BAGNI,034019,147,0,0
2019,SCUOLA PRIMARIA,LESIGNANO DE' BAGNI,034019,209,0,0
2019,SCUOLA SECONDARIA I GRADO,MONCHIO DELLE CORTI,034022,12,0,0
2020,SCUOLA SECONDARIA II GRADO,FIDENZA,034014,2217,0,0
2020,SCUOLA PRIMARIA,MEDESANO,034020,482,0,0
2020,SCUOLA SECONDARIA I GRADO,VARANO DE' MELEGARI,034045,111,0,0
2020,SCUOLA PRIMARIA,BORGO VAL DI TARO,034006,256,0,0
2020,SCUOLA SECONDARIA II GRADO,FORNOVO DI TARO,034017,665,0,0
2020,SCUOLA SECONDARIA I GRADO,BEDONIA,034003,87,0,0
2020,SCUOLA SECONDARIA I GRADO,BERCETO,034004,25,0,0
2020,SCUOLA SECONDARIA I GRADO,SOLIGNANO,034035,35,0,0
2020,SCUOLA PRIMARIA,LANGHIRANO,034018,494,0,0
2020,SCUOLA PRIMARIA,BEDONIA,034003,133,0,0
2020,SCUOLA PRIMARIA,POLESINE ZIBELLO,034050,92,0,0
2020,SCUOLA SECONDARIA II GRADO,BORGO VAL DI TARO,034006,316,0,0
2020,SCUOLA SECONDARIA I GRADO,FORNOVO DI TARO,034017,243,0,0
2020,SCUOLA SECONDARIA I GRADO,MONCHIO DELLE CORTI,034022,13,0,0
2020,SCUOLA PRIMARIA,BUSSETO,034007,270,0,0
2020,SCUOLA PRIMARIA,MONCHIO DELLE CORTI,034022,17,0,0
2020,SCUOLA PRIMARIA,VARANO DE' MELEGARI,034045,139,0,0
2020,SCUOLA SECONDARIA I GRADO,PALANZANO,034026,16,0,0
2020,SCUOLA PRIMARIA,FORNOVO DI TARO,034017,248,0,0
2020,SCUOLA PRIMARIA,TORRILE,034041,430,0,0
2020,SCUOLA SECONDARIA I GRADO,LANGHIRANO,034018,278,0,0
2020,SCUOLA PRIMARIA,SOLIGNANO,034035,41,0,0
2020,SCUOLA SECONDARIA II GRADO,BEDONIA,034003,257,0,0
2020,SCUOLA PRIMARIA,MONTECHIARUGOLO,034023,569,0,0
2020,SCUOLA PRIMARIA,PALANZANO,034026,18,0,0
2020,SCUOLA PRIMARIA,ALBARETO,034001,54,0,0
2020,SCUOLA PRIMARIA,TORNOLO,034040,14,0,0
2020,SCUOLA SECONDARIA I GRADO,TRAVERSETOLO,034042,278,0,0
2020,SCUOLA PRIMARIA,TIZZANO VAL PARMA,034039,87,0,0
2020,SCUOLA SECONDARIA II GRADO,SALSOMAGGIORE TERME,034032,671,0,0
2020,SCUOLA SECONDARIA I GRADO,TORRILE,034041,274,0,0
2020,SCUOLA PRIMARIA,COMPIANO,034011,44,0,0
2020,SCUOLA SECONDARIA II GRADO,LANGHIRANO,034018,313,0,0
2020,SCUOLA SECONDARIA I GRADO,SORBOLO MEZZANI,034051,407,0,0
2020,SCUOLA SECONDARIA I GRADO,FONTANELLATO,034015,176,0,0
2020,SCUOLA PRIMARIA,SISSA TRECASALI,034049,354,0,0
2020,SCUOLA PRIMARIA,BARDI,034002,58,0,0
2020,SCUOLA SECONDARIA I GRADO,FONTEVIVO,034016,138,0,0
2020,SCUOLA PRIMARIA,SORBOLO MEZZANI,034051,609,0,0
2020,SCUOLA SECONDARIA I GRADO,SALA BAGANZA,034031,168,0,0
2020,SCUOLA SECONDARIA I GRADO,CALESTANO,034008,52,0,0
2020,SCUOLA PRIMARIA,TERENZO,034038,17,0,0
2020,SCUOLA PRIMARIA,TRAVERSETOLO,034042,364,0,0
2020,SCUOLA SECONDARIA I GRADO,BORGO VAL DI TARO,034006,190,0,0
2020,SCUOLA SECONDARIA I GRADO,POLESINE ZIBELLO,034050,56,0,0
2020,SCUOLA PRIMARIA,FONTEVIVO,034016,285,0,0
2020,SCUOLA SECONDARIA I GRADO,SORAGNA,034036,143,0,0
2020,SCUOLA SECONDARIA I GRADO,COLLECCHIO,034009,455,0,0
2020,SCUOLA SECONDARIA I GRADO,ROCCABIANCA,034030,70,0,0
2020,SCUOLA SECONDARIA I GRADO,TIZZANO VAL PARMA,034039,50,0,0
2020,SCUOLA PRIMARIA,CALESTANO,034008,90,0,0
2020,SCUOLA PRIMARIA,SALA BAGANZA,034031,209,0,0
2020,SCUOLA PRIMARIA,BERCETO,034004,47,0,0
2020,SCUOLA SECONDARIA I GRADO,CORNIGLIO,034012,30,0,0
2020,SCUOLA SECONDARIA I GRADO,SAN SECONDO PARMENSE,034033,171,0,0
2020,SCUOLA PRIMARIA,FONTANELLATO,034015,293,0,0
2020,SCUOLA SECONDARIA I GRADO,FELINO,034013,285,0,0
2020,SCUOLA PRIMARIA,NEVIANO DEGLI ARDUINI,034024,127,0,0
2020,SCUOLA SECONDARIA I GRADO,LESIGNANO DE' BAGNI,034019,156,0,0
2020,SCUOLA PRIMARIA,CORNIGLIO,034012,48,0,0
2020,SCUOLA PRIMARIA,FELINO,034013,418,0,0
2020,SCUOLA SECONDARIA I GRADO,NEVIANO DEGLI ARDUINI,034024,69,0,0
2020,SCUOLA PRIMARIA,LESIGNANO DE' BAGNI,034019,202,0,0
2020,SCUOLA PRIMARIA,COLORNO,034010,404,0,0
2020,SCUOLA PRIMARIA,NOCETO,034025,669,0,0
2020,SCUOLA SECONDARIA I GRADO,COLORNO,034010,246,0,0
2020,SCUOLA SECONDARIA I GRADO,MONTECHIARUGOLO,034023,329,0,0
2020,SCUOLA SECONDARIA I GRADO,SISSA TRECASALI,034049,242,0,0
2020,SCUOLA PRIMARIA,COLLECCHIO,034009,736,0,0
2020,SCUOLA PRIMARIA,VARSI,034046,45,0,0
2020,SCUOLA SECONDARIA I GRADO,BARDI,034002,37,0,0
2020,SCUOLA SECONDARIA II GRADO,SAN SECONDO PARMENSE,034033,643,0,0
2020,SCUOLA SECONDARIA I GRADO,MEDESANO,034020,266,0,0
2020,SCUOLA PRIMARIA,PELLEGRINO PARMENSE,034028,32,0,0
2020,SCUOLA PRIMARIA,SAN SECONDO PARMENSE,034033,270,0,0
2020,SCUOLA PRIMARIA,ROCCABIANCA,034030,121,0,0
2020,SCUOLA SECONDARIA I GRADO,NOCETO,034025,406,0,0
2020,SCUOLA SECONDARIA I GRADO,VARSI,034046,19,0,0
2020,SCUOLA PRIMARIA,SORAGNA,034036,234,0,0
2020,SCUOLA SECONDARIA I GRADO,PELLEGRINO PARMENSE,034028,14,0,0
2020,SCUOLA SECONDARIA I GRADO,ALBARETO,034001,62,0,0
2020,SCUOLA SECONDARIA I GRADO,TORNOLO,034040,17,0,0
2021,SCUOLA PRIMARIA,MONTECHIARUGOLO,034023,531,0,0
2021,SCUOLA SECONDARIA II GRADO,LANGHIRANO,034018,320,0,0
2021,SCUOLA SECONDARIA I GRADO,SOLIGNANO,034035,38,0,0
2021,SCUOLA SECONDARIA I GRADO,TRAVERSETOLO,034042,272,0,0
2021,SCUOLA SECONDARIA I GRADO,COLLECCHIO,034009,458,0,0
2021,SCUOLA PRIMARIA,COLLECCHIO,034009,766,0,0
2021,SCUOLA PRIMARIA,PELLEGRINO PARMENSE,034028,32,0,0
2021,SCUOLA SECONDARIA II GRADO,FIDENZA,034014,2211,0,0
2021,SCUOLA PRIMARIA,VARANO DE' MELEGARI,034045,128,0,0
2021,SCUOLA SECONDARIA II GRADO,FORNOVO DI TARO,034017,726,0,0
2021,SCUOLA PRIMARIA,VARSI,034046,32,0,0
2021,SCUOLA SECONDARIA I GRADO,FELINO,034013,280,0,0
2021,SCUOLA PRIMARIA,CALESTANO,034008,87,0,0
2021,SCUOLA SECONDARIA I GRADO,FORNOVO DI TARO,034017,232,0,0
2021,SCUOLA SECONDARIA I GRADO,ROCCABIANCA,034030,64,0,0
2021,SCUOLA SECONDARIA I GRADO,SAN SECONDO PARMENSE,034033,192,0,0
2021,SCUOLA PRIMARIA,MONCHIO DELLE CORTI,034022,21,0,0
2021,SCUOLA SECONDARIA I GRADO,TORNOLO,034040,15,0,0
2021,SCUOLA SECONDARIA I GRADO,BEDONIA,034003,108,0,0
2021,SCUOLA SECONDARIA I GRADO,SALA BAGANZA,034031,157,0,0
2021,SCUOLA PRIMARIA,BEDONIA,034003,123,0,0
2021,SCUOLA PRIMARIA,NEVIANO DEGLI ARDUINI,034024,125,0,0
2021,SCUOLA PRIMARIA,SALA BAGANZA,034031,216,0,0
2021,SCUOLA SECONDARIA II GRADO,SAN SECONDO PARMENSE,034033,626,0,0
2021,SCUOLA SECONDARIA II GRADO,BEDONIA,034003,249,0,0
2021,SCUOLA SECONDARIA I GRADO,CALESTANO,034008,63,0,0
2021,SCUOLA PRIMARIA,PALANZANO,034026,29,0,0
2021,SCUOLA SECONDARIA I GRADO,SORAGNA,034036,139,0,0
2021,SCUOLA SECONDARIA I GRADO,SORBOLO MEZZANI,034051,398,0,0
2021,SCUOLA PRIMARIA,FELINO,034013,413,0,0
2021,SCUOLA PRIMARIA,TRAVERSETOLO,034042,365,0,0
2021,SCUOLA PRIMARIA,TORRILE,034041,441,0,0
2021,SCUOLA PRIMARIA,TERENZO,034038,22,0,0
2021,SCUOLA SECONDARIA I GRADO,TORRILE,034041,274,0,0
2021,SCUOLA PRIMARIA,FORNOVO DI TARO,034017,239,0,0
2021,SCUOLA SECONDARIA I GRADO,TIZZANO VAL PARMA,034039,53,0,0
2021,SCUOLA PRIMARIA,TIZZANO VAL PARMA,034039,88,0,0
2021,SCUOLA SECONDARIA I GRADO,FONTEVIVO,034016,134,0,0
2021,SCUOLA SECONDARIA I GRADO,POLESINE ZIBELLO,034050,60,0,0
2021,SCUOLA SECONDARIA I GRADO,PALANZANO,034026,17,0,0
2021,SCUOLA PRIMARIA,SISSA TRECASALI,034049,334,0,0
2021,SCUOLA PRIMARIA,SORBOLO MEZZANI,034051,580,0,0
2021,SCUOLA SECONDARIA I GRADO,SISSA TRECASALI,034049,254,0,0
2021,SCUOLA SECONDARIA I GRADO,BERCETO,034004,20,0,0
2021,SCUOLA PRIMARIA,POLESINE ZIBELLO,034050,96,0,0
2021,SCUOLA SECONDARIA I GRADO,FONTANELLATO,034015,197,0,0
2021,SCUOLA PRIMARIA,MEDESANO,034020,470,0,0
2021,SCUOLA PRIMARIA,BERCETO,034004,48,0,0
2021,SCUOLA PRIMARIA,BARDI,034002,55,0,0
2021,SCUOLA SECONDARIA I GRADO,NEVIANO DEGLI ARDUINI,034024,76,0,0
2021,SCUOLA PRIMARIA,SOLIGNANO,034035,41,0,0
2021,SCUOLA PRIMARIA,CORNIGLIO,034012,42,0,0
2021,SCUOLA SECONDARIA I GRADO,LESIGNANO DE' BAGNI,034019,154,0,0
2021,SCUOLA PRIMARIA,SORAGNA,034036,240,0,0
2021,SCUOLA SECONDARIA I GRADO,ALBARETO,034001,57,0,0
2021,SCUOLA PRIMARIA,ROCCABIANCA,034030,123,0,0
2021,SCUOLA PRIMARIA,FONTEVIVO,034016,277,0,0
2021,SCUOLA PRIMARIA,LANGHIRANO,034018,485,0,0
2021,SCUOLA SECONDARIA I GRADO,BORGO VAL DI TARO,034006,180,0,0
2021,SCUOLA SECONDARIA I GRADO,MONCHIO DELLE CORTI,034022,8,0,0
2021,SCUOLA PRIMARIA,SAN SECONDO PARMENSE,034033,253,0,0
2021,SCUOLA PRIMARIA,LESIGNANO DE' BAGNI,034019,204,0,0
2021,SCUOLA SECONDARIA II GRADO,BORGO VAL DI TARO,034006,316,0,0
2021,SCUOLA SECONDARIA I GRADO,LANGHIRANO,034018,274,0,0
2021,SCUOLA PRIMARIA,NOCETO,034025,704,0,0
2021,SCUOLA PRIMARIA,BUSSETO,034007,263,0,0
2021,SCUOLA SECONDARIA I GRADO,PELLEGRINO PARMENSE,034028,18,0,0
2021,SCUOLA SECONDARIA I GRADO,VARANO DE' MELEGARI,034045,107,0,0
2021,SCUOLA SECONDARIA I GRADO,CORNIGLIO,034012,38,0,0
2021,SCUOLA PRIMARIA,FONTANELLATO,034015,303,0,0
2021,SCUOLA SECONDARIA I GRADO,COLORNO,034010,259,0,0
2021,SCUOLA SECONDARIA I GRADO,BARDI,034002,37,0,0
2021,SCUOLA SECONDARIA I GRADO,MEDESANO,034020,264,0,0
2021,SCUOLA SECONDARIA I GRADO,VARSI,034046,26,0,0
2021,SCUOLA PRIMARIA,ALBARETO,034001,66,0,0
2021,SCUOLA PRIMARIA,TORNOLO,034040,8,0,0
2021,SCUOLA PRIMARIA,BORGO VAL DI TARO,034006,252,0,0
2021,SCUOLA SECONDARIA I GRADO,MONTECHIARUGOLO,034023,332,0,0
2021,SCUOLA PRIMARIA,COMPIANO,034011,38,0,0
2021,SCUOLA SECONDARIA I GRADO,NOCETO,034025,399,0,0
2021,SCUOLA PRIMARIA,COLORNO,034010,400,0,0
2022,SCUOLA PRIMARIA,TERENZO,034038,25,0,0
2022,SCUOLA PRIMARIA,FELINO,034013,391,0,0
2022,SCUOLA SECONDARIA II GRADO,SAN SECONDO PARMENSE,034033,648,0,0
2022,SCUOLA SECONDARIA II GRADO,FORNOVO DI TARO,034017,738,0,0
2022,SCUOLA SECONDARIA I GRADO,BEDONIA,034003,97,0,0
2022,SCUOLA PRIMARIA,MONTECHIARUGOLO,034023,526,0,0
2022,SCUOLA SECONDARIA I GRADO,BORGO VAL DI TARO,034006,180,0,0
2022,SCUOLA PRIMARIA,CALESTANO,034008,86,0,0
2022,SCUOLA PRIMARIA,SORAGNA,034036,231,0,0
2022,SCUOLA PRIMARIA,TORRILE,034041,436,0,0
2022,SCUOLA SECONDARIA I GRADO,VARSI,034046,28,0,0
2022,SCUOLA PRIMARIA,TORNOLO,034040,10,0,0
2022,SCUOLA SECONDARIA I GRADO,BARDI,034002,40,0,0
2022,SCUOLA SECONDARIA II GRADO,LANGHIRANO,034018,301,0,0
2022,SCUOLA PRIMARIA,BEDONIA,034003,116,0,0
2022,SCUOLA PRIMARIA,FORNOVO DI TARO,034017,224,0,0
2022,SCUOLA PRIMARIA,COLLECCHIO,034009,784,0,0
2022,SCUOLA SECONDARIA I GRADO,VARANO DE' MELEGARI,034045,106,0,0
2022,SCUOLA PRIMARIA,BORGO VAL DI TARO,034006,231,0,0
2022,SCUOLA PRIMARIA,VARANO DE' MELEGARI,034045,138,0,0
2022,SCUOLA SECONDARIA I GRADO,FORNOVO DI TARO,034017,218,0,0
2022,SCUOLA PRIMARIA,SOLIGNANO,034035,36,0,0
2022,SCUOLA SECONDARIA I GRADO,MEDESANO,034020,267,0,0
2022,SCUOLA PRIMARIA,VARSI,034046,31,0,0
2022,SCUOLA SECONDARIA I GRADO,FONTEVIVO,034016,132,0,0
2022,SCUOLA PRIMARIA,SALA BAGANZA,034031,230,0,0
2022,SCUOLA PRIMARIA,BARDI,034002,44,0,0
2022,SCUOLA SECONDARIA I GRADO,FONTANELLATO,034015,179,0,0
2022,SCUOLA PRIMARIA,LANGHIRANO,034018,458,0,0
2022,SCUOLA PRIMARIA,COLORNO,034010,403,0,0
2022,SCUOLA SECONDARIA I GRADO,LANGHIRANO,034018,303,0,0
2022,SCUOLA PRIMARIA,POLESINE ZIBELLO,034050,100,0,0
2022,SCUOLA SECONDARIA II GRADO,FIDENZA,034014,2267,0,0
2022,SCUOLA PRIMARIA,ROCCABIANCA,034030,104,0,0
2022,SCUOLA PRIMARIA,COMPIANO,034011,40,0,0
2022,SCUOLA SECONDARIA I GRADO,PELLEGRINO PARMENSE,034028,22,0,0
2022,SCUOLA PRIMARIA,BERCETO,034004,51,0,0
2022,SCUOLA PRIMARIA,TIZZANO VAL PARMA,034039,92,0,0
2022,SCUOLA PRIMARIA,SISSA TRECASALI,034049,331,0,0
2022,SCUOLA PRIMARIA,MONCHIO DELLE CORTI,034022,20,0,0
2022,SCUOLA PRIMARIA,PALANZANO,034026,29,0,0
2022,SCUOLA SECONDARIA I GRADO,COLORNO,034010,263,0,0
2022,SCUOLA SECONDARIA I GRADO,SALA BAGANZA,034031,145,0,0
2022,SCUOLA PRIMARIA,SAN SECONDO PARMENSE,034033,263,0,0
2022,SCUOLA SECONDARIA I GRADO,MONTECHIARUGOLO,034023,327,0,0
2022,SCUOLA SECONDARIA I GRADO,BERCETO,034004,25,0,0
2022,SCUOLA SECONDARIA I GRADO,COLLECCHIO,034009,458,0,0
2022,SCUOLA SECONDARIA I GRADO,CALESTANO,034008,62,0,0
2022,SCUOLA SECONDARIA I GRADO,NOCETO,034025,412,0,0
2022,SCUOLA PRIMARIA,BUSSETO,034007,258,0,0
2022,SCUOLA PRIMARIA,MEDESANO,034020,488,0,0
2022,SCUOLA SECONDARIA I GRADO,FELINO,034013,280,0,0
2022,SCUOLA SECONDARIA I GRADO,SOLIGNANO,034035,41,0,0
2022,SCUOLA SECONDARIA I GRADO,POLESINE ZIBELLO,034050,53,0,0
2022,SCUOLA SECONDARIA I GRADO,PALANZANO,034026,18,0,0
2022,SCUOLA PRIMARIA,NOCETO,034025,710,0,0
2022,SCUOLA SECONDARIA I GRADO,ROCCABIANCA,034030,77,0,0
2022,SCUOLA SECONDARIA II GRADO,BORGO VAL DI TARO,034006,321,0,0
2022,SCUOLA SECONDARIA II GRADO,BEDONIA,034003,237,0,0
2022,SCUOLA SECONDARIA I GRADO,SISSA TRECASALI,034049,223,0,0
2022,SCUOLA SECONDARIA I GRADO,SORAGNA,034036,125,0,0
2022,SCUOLA PRIMARIA,FONTANELLATO,034015,304,0,0
2022,SCUOLA PRIMARIA,FONTEVIVO,034016,289,0,0
2022,SCUOLA SECONDARIA I GRADO,LESIGNANO DE' BAGNI,034019,153,0,0
2022,SCUOLA PRIMARIA,NEVIANO DEGLI ARDUINI,034024,120,0,0
2022,SCUOLA PRIMARIA,LESIGNANO DE' BAGNI,034019,196,0,0
2022,SCUOLA SECONDARIA I GRADO,TIZZANO VAL PARMA,034039,52,0,0
2022,SCUOLA PRIMARIA,ALBARETO,034001,67,0,0
2022,SCUOLA SECONDARIA I GRADO,TRAVERSETOLO,034042,263,0,0
2022,SCUOLA SECONDARIA I GRADO,CORNIGLIO,034012,34,0,0
2022,SCUOLA SECONDARIA I GRADO,SORBOLO MEZZANI,034051,416,0,0
2022,SCUOLA SECONDARIA I GRADO,NEVIANO DEGLI ARDUINI,034024,74,0,0
2022,SCUOLA SECONDARIA I GRADO,SAN SECONDO PARMENSE,034033,186,0,0
2022,SCUOLA PRIMARIA,SORBOLO MEZZANI,034051,581,0,0
2022,SCUOLA PRIMARIA,CORNIGLIO,034012,45,0,0
2022,SCUOLA SECONDARIA I GRADO,TORRILE,034041,261,0,0
2022,SCUOLA SECONDARIA I GRADO,TORNOLO,034040,10,0,0
2022,SCUOLA PRIMARIA,TRAVERSETOLO,034042,373,0,0
2022,SCUOLA PRIMARIA,PELLEGRINO PARMENSE,034028,28,0,0
2022,SCUOLA SECONDARIA I GRADO,MONCHIO DELLE CORTI,034022,5,0,0
2022,SCUOLA SECONDARIA I GRADO,ALBARETO,034001,57,0,0
2023,SCUOLA PRIMARIA,MEDESANO,034020,462,0,0
2023,SCUOLA SECONDARIA II GRADO,FIDENZA,034014,2328,0,0
2023,SCUOLA PRIMARIA,COLLECCHIO,034009,764,0,0
2023,SCUOLA PRIMARIA,BUSSETO,034007,276,0,0
2023,SCUOLA SECONDARIA I GRADO,SORBOLO MEZZANI,034051,401,0,0
2023,SCUOLA SECONDARIA II GRADO,FORNOVO DI TARO,034017,727,0,0
2023,SCUOLA PRIMARIA,FONTEVIVO,034016,284,0,0
2023,SCUOLA PRIMARIA,LANGHIRANO,034018,457,0,0
2023,SCUOLA PRIMARIA,LESIGNANO DE' BAGNI,034019,190,0,0
2023,SCUOLA PRIMARIA,SORBOLO MEZZANI,034051,574,0,0
2023,SCUOLA SECONDARIA II GRADO,LANGHIRANO,034018,306,0,0
2023,SCUOLA PRIMARIA,CORNIGLIO,034012,41,0,0
2023,SCUOLA SECONDARIA I GRADO,NEVIANO DEGLI ARDUINI,034024,80,0,0
2023,SCUOLA SECONDARIA I GRADO,FELINO,034013,272,0,0
2023,SCUOLA SECONDARIA I GRADO,LESIGNANO DE' BAGNI,034019,140,0,0
2023,SCUOLA PRIMARIA,FORNOVO DI TARO,034017,224,0,0
2023,SCUOLA PRIMARIA,NEVIANO DEGLI ARDUINI,034024,109,0,0
2023,SCUOLA SECONDARIA I GRADO,POLESINE ZIBELLO,034050,61,0,0
2023,SCUOLA PRIMARIA,TIZZANO VAL PARMA,034039,93,0,0
2023,SCUOLA PRIMARIA,VARSI,034046,27,0,0
2023,SCUOLA SECONDARIA II GRADO,SAN SECONDO PARMENSE,034033,613,0,0
2023,SCUOLA PRIMARIA,BARDI,034002,51,0,0
2023,SCUOLA SECONDARIA I GRADO,SALA BAGANZA,034031,147,0,0
2023,SCUOLA SECONDARIA I GRADO,CALESTANO,034008,73,0,0
2023,SCUOLA PRIMARIA,PELLEGRINO PARMENSE,034028,27,0,0
2023,SCUOLA PRIMARIA,PALANZANO,034026,24,0,0
2023,SCUOLA PRIMARIA,VARANO DE' MELEGARI,034045,125,0,0
2023,SCUOLA SECONDARIA II GRADO,BORGO VAL DI TARO,034006,344,0,0
2023,SCUOLA SECONDARIA I GRADO,COLLECCHIO,034009,458,0,0
2023,SCUOLA PRIMARIA,MONCHIO DELLE CORTI,034022,16,0,0
2023,SCUOLA PRIMARIA,SOLIGNANO,034035,39,0,0
2023,SCUOLA PRIMARIA,BEDONIA,034003,99,0,0
2023,SCUOLA PRIMARIA,MONTECHIARUGOLO,034023,533,0,0
2023,SCUOLA PRIMARIA,TERENZO,034038,30,0,0
2023,SCUOLA PRIMARIA,SISSA TRECASALI,034049,324,0,0
2023,SCUOLA PRIMARIA,COMPIANO,034011,35,0,0
2023,SCUOLA PRIMARIA,BORGO VAL DI TARO,034006,225,0,0
2023,SCUOLA PRIMARIA,SAN SECONDO PARMENSE,034033,277,0,0
2023,SCUOLA PRIMARIA,BERCETO,034004,44,0,0
2023,SCUOLA PRIMARIA,TORRILE,034041,423,0,0
2023,SCUOLA PRIMARIA,TORNOLO,034040,9,0,0
2023,SCUOLA SECONDARIA I GRADO,NOCETO,034025,409,0,0
2023,SCUOLA SECONDARIA I GRADO,LANGHIRANO,034018,303,0,0
2023,SCUOLA SECONDARIA I GRADO,MEDESANO,034020,261,0,0
2023,SCUOLA PRIMARIA,ROCCABIANCA,034030,110,0,0
2023,SCUOLA SECONDARIA I GRADO,FORNOVO DI TARO,034017,205,0,0
2023,SCUOLA SECONDARIA I GRADO,VARSI,034046,26,0,0
2023,SCUOLA SECONDARIA I GRADO,SAN SECONDO PARMENSE,034033,187,0,0
2023,SCUOLA SECONDARIA I GRADO,BARDI,034002,41,0,0
2023,SCUOLA SECONDARIA I GRADO,SISSA TRECASALI,034049,220,0,0
2023,SCUOLA SECONDARIA I GRADO,TIZZANO VAL PARMA,034039,52,0,0
2023,SCUOLA PRIMARIA,SORAGNA,034036,239,0,0
2023,SCUOLA PRIMARIA,COLORNO,034010,395,0,0
2023,SCUOLA PRIMARIA,TRAVERSETOLO,034042,384,0,0
2023,SCUOLA SECONDARIA I GRADO,ROCCABIANCA,034030,79,0,0
2023,SCUOLA SECONDARIA I GRADO,CORNIGLIO,034012,29,0,0
2023,SCUOLA SECONDARIA I GRADO,SOLIGNANO,034035,35,0,0
2023,SCUOLA SECONDARIA I GRADO,BORGO VAL DI TARO,034006,187,0,0
2023,SCUOLA SECONDARIA I GRADO,PELLEGRINO PARMENSE,034028,25,0,0
2023,SCUOLA SECONDARIA I GRADO,COLORNO,034010,262,0,0
2023,SCUOLA SECONDARIA I GRADO,VARANO DE' MELEGARI,034045,101,0,0
2023,SCUOLA SECONDARIA I GRADO,BEDONIA,034003,112,0,0
2023,SCUOLA PRIMARIA,POLESINE ZIBELLO,034050,100,0,0
2023,SCUOLA SECONDARIA I GRADO,BERCETO,034004,31,0,0
2023,SCUOLA SECONDARIA I GRADO,MONTECHIARUGOLO,034023,325,0,0
2023,SCUOLA SECONDARIA I GRADO,PALANZANO,034026,17,0,0
2023,SCUOLA PRIMARIA,ALBARETO,034001,70,0,0
2023,SCUOLA PRIMARIA,FELINO,034013,377,0,0
2023,SCUOLA SECONDARIA II GRADO,BEDONIA,034003,236,0,0
2023,SCUOLA SECONDARIA I GRADO,MONCHIO DELLE CORTI,034022,7,0,0
2023,SCUOLA SECONDARIA I GRADO,FONTANELLATO,034015,175,0,0
2023,SCUOLA PRIMARIA,NOCETO,034025,709,0,0
2023,SCUOLA SECONDARIA I GRADO,TRAVERSETOLO,034042,255,0,0
2023,SCUOLA SECONDARIA I GRADO,SORAGNA,034036,129,0,0
2023,SCUOLA PRIMARIA,SALA BAGANZA,034031,229,0,0
2023,SCUOLA SECONDARIA I GRADO,TORRILE,034041,267,0,0
2023,SCUOLA SECONDARIA I GRADO,ALBARETO,034001,39,0,0
2023,SCUOLA PRIMARIA,FONTANELLATO,034015,290,0,0
2023,SCUOLA SECONDARIA I GRADO,FONTEVIVO,034016,142,0,0
2023,SCUOLA PRIMARIA,CALESTANO,034008,90,0,0
2024,SCUOLA SECONDARIA I GRADO,SISSA TRECASALI,034049,220,0,0
2024,SCUOLA SECONDARIA II GRADO,BORGO VAL DI TARO,034006,379,0,0
2024,SCUOLA PRIMARIA,TORRILE,034041,396,0,0
2024,SCUOLA SECONDARIA II GRADO,FIDENZA,034014,2485,0,0
2024,SCUOLA SECONDARIA II GRADO,BEDONIA,034003,216,0,0
2024,SCUOLA PRIMARIA,TIZZANO VAL PARMA,034039,99,0,0
2024,SCUOLA PRIMARIA,FONTEVIVO,034016,258,0,0
2024,SCUOLA SECONDARIA II GRADO,SAN SECONDO PARMENSE,034033,632,0,0
2024,SCUOLA SECONDARIA I GRADO,COLLECCHIO,034009,435,0,0
2024,SCUOLA PRIMARIA,MEDESANO,034020,448,0,0
2024,SCUOLA PRIMARIA,CORNIGLIO,034012,42,0,0
2024,SCUOLA SECONDARIA I GRADO,LANGHIRANO,034018,284,0,0
2024,SCUOLA SECONDARIA II GRADO,FORNOVO DI TARO,034017,675,0,0
2024,SCUOLA SECONDARIA I GRADO,SORBOLO MEZZANI,034051,366,0,0
2024,SCUOLA PRIMARIA,COLLECCHIO,034009,745,0,0
2024,SCUOLA SECONDARIA I GRADO,CALESTANO,034008,53,0,0
2024,SCUOLA SECONDARIA I GRADO,LESIGNANO DE' BAGNI,034019,140,0,0
2024,SCUOLA SECONDARIA I GRADO,NEVIANO DEGLI ARDUINI,034024,68,0,0
2024,SCUOLA PRIMARIA,SISSA TRECASALI,034049,320,0,0
2024,SCUOLA SECONDARIA I GRADO,FORNOVO DI TARO,034017,194,0,0
2024,SCUOLA PRIMARIA,SAN SECONDO PARMENSE,034033,287,0,0
2024,SCUOLA SECONDARIA I GRADO,BORGO VAL DI TARO,034006,183,0,0
2024,SCUOLA PRIMARIA,ROCCABIANCA,034030,110,0,0
2024,SCUOLA SECONDARIA I GRADO,SALA BAGANZA,034031,153,0,0
2024,SCUOLA SECONDARIA I GRADO,CORNIGLIO,034012,23,0,0
2024,SCUOLA SECONDARIA I GRADO,SOLIGNANO,034035,32,0,0
2024,SCUOLA PRIMARIA,NOCETO,034025,680,0,0
2024,SCUOLA PRIMARIA,SORAGNA,034036,224,0,0
2024,SCUOLA SECONDARIA I GRADO,PELLEGRINO PARMENSE,034028,24,0,0
2024,SCUOLA SECONDARIA I GRADO,BERCETO,034004,29,0,0
2024,SCUOLA PRIMARIA,SALA BAGANZA,034031,234,0,0
2024,SCUOLA PRIMARIA,SOLIGNANO,034035,44,0,0
2024,SCUOLA PRIMARIA,FORNOVO DI TARO,034017,222,0,0
2024,SCUOLA PRIMARIA,FELINO,034013,379,0,0
2024,SCUOLA SECONDARIA I GRADO,FONTEVIVO,034016,149,0,0
2024,SCUOLA PRIMARIA,CALESTANO,034008,105,0,0
2024,SCUOLA SECONDARIA I GRADO,FONTANELLATO,034015,174,0,0
2024,SCUOLA SECONDARIA I GRADO,TIZZANO VAL PARMA,034039,52,0,0
2024,SCUOLA SECONDARIA I GRADO,PALANZANO,034026,24,0,0
2024,SCUOLA SECONDARIA I GRADO,POLESINE ZIBELLO,034050,61,0,0
2024,SCUOLA SECONDARIA I GRADO,ALBARETO,034001,39,0,0
2024,SCUOLA SECONDARIA II GRADO,LANGHIRANO,034018,300,0,0
2024,SCUOLA SECONDARIA I GRADO,MEDESANO,034020,259,0,0
2024,SCUOLA SECONDARIA I GRADO,NOCETO,034025,445,0,0
2024,SCUOLA PRIMARIA,BORGO VAL DI TARO,034006,214,0,0
2024,SCUOLA SECONDARIA I GRADO,FELINO,034013,261,0,0
2024,SCUOLA SECONDARIA I GRADO,BARDI,034002,37,0,0
2024,SCUOLA PRIMARIA,COMPIANO,034011,28,0,0
2024,SCUOLA PRIMARIA,LANGHIRANO,034018,484,0,0
2024,SCUOLA PRIMARIA,NEVIANO DEGLI ARDUINI,034024,95,0,0
2024,SCUOLA SECONDARIA I GRADO,VARANO DE' MELEGARI,034045,88,0,0
2024,SCUOLA PRIMARIA,BEDONIA,034003,106,0,0
2024,SCUOLA PRIMARIA,MONTECHIARUGOLO,034023,500,0,0
2024,SCUOLA PRIMARIA,FONTANELLATO,034015,278,0,0
2024,SCUOLA PRIMARIA,TERENZO,034038,27,0,0
2024,SCUOLA PRIMARIA,COLORNO,034010,390,0,0
2024,SCUOLA SECONDARIA I GRADO,VARSI,034046,22,0,0
2024,SCUOLA SECONDARIA I GRADO,SAN SECONDO PARMENSE,034033,185,0,0
2024,SCUOLA PRIMARIA,ALBARETO,034001,66,0,0
2024,SCUOLA PRIMARIA,SORBOLO MEZZANI,034051,550,0,0
2024,SCUOLA PRIMARIA,BERCETO,034004,49,0,0
2024,SCUOLA SECONDARIA I GRADO,ROCCABIANCA,034030,85,0,0
2024,SCUOLA SECONDARIA I GRADO,TRAVERSETOLO,034042,246,0,0
2024,SCUOLA SECONDARIA I GRADO,SORAGNA,034036,133,0,0
2024,SCUOLA PRIMARIA,LESIGNANO DE' BAGNI,034019,206,0,0
2024,SCUOLA SECONDARIA I GRADO,TORRILE,034041,278,0,0
2024,SCUOLA PRIMARIA,BUSSETO,034007,269,0,0
2024,SCUOLA PRIMARIA,PELLEGRINO PARMENSE,034028,21,0,0
2024,SCUOLA PRIMARIA,VARSI,034046,34,0,0
2024,SCUOLA PRIMARIA,BARDI,034002,52,0,0
2024,SCUOLA PRIMARIA,POLESINE ZIBELLO,034050,104,0,0
2024,SCUOLA PRIMARIA,VARANO DE' MELEGARI,034045,125,0,0
2024,SCUOLA PRIMARIA,TRAVERSETOLO,034042,395,0,0
2024,SCUOLA SECONDARIA I GRADO,MONCHIO DELLE CORTI,034022,11,0,0
2024,SCUOLA SECONDARIA I GRADO,COLORNO,034010,263,0,0
2024,SCUOLA SECONDARIA I GRADO,MONTECHIARUGOLO,034023,312,0,0
2024,SCUOLA SECONDARIA I GRADO,BEDONIA,034003,108,0,0
2024,SCUOLA PRIMARIA,PALANZANO,034026,28,0,0
2024,SCUOLA PRIMARIA,MONCHIO DELLE CORTI,034022,13,0,0
2024,SCUOLA PRIMARIA,TORNOLO,034040,10,0,0
