anno_inizio,comune,pro_com_t,n_plessi,alunni,alunni_stranieri,quota_stranieri
2015,Parma,034027,69,26128,4070,0.15577158603796692
2015,Salsomaggiore Terme,034032,8,2279,376,0.16498464238701185
2015,Traversetolo,034042,3,823,145,0.17618469015795868
2015,Fidenza,034014,9,2792,425,0.15222063037249284
2015,Busseto,034007,3,514,118,0.22957198443579765
2016,Parma,034027,69,26541,4187,0.15775592479559927
2016,Fidenza,034014,9,2833,433,0.15284151076597247
2016,Busseto,034007,3,548,132,0.24087591240875914
2016,Salsomaggiore Terme,034032,8,2296,385,0.1676829268292683
2016,Traversetolo,034042,3,794,144,0.181360201511335
2017,Parma,034027,71,27078,4390,0.16212423369525075
2017,Salsomaggiore Terme,034032,8,2258,396,0.1753764393268379
2017,Traversetolo,034042,3,756,131,0.17328042328042328
2017,Fidenza,034014,11,3209,474,0.14770956684325334
2017,Busseto,034007,3,554,134,0.24187725631768953
2018,Fidenza,034014,11,3294,534,0.1621129326047359
2018,Parma,034027,71,27297,4498,0.1647800124555812
2018,Salsomaggiore Terme,034032,8,2220,395,0.17792792792792791
2018,Busseto,034007,3,567,110,0.19400352733686066
2018,Traversetolo,034042,3,739,132,0.17861975642760486
2019,Parma,034027,72,27894,4896,0.17552161755216175
2019,Traversetolo,034042,3,674,116,0.17210682492581603
2019,Salsomaggiore Terme,034032,8,2140,419,0.19579439252336447
2019,Busseto,034007,3,558,121,0.2168458781362007
2019,Fidenza,034014,11,3347,557,0.16641768748132657
2020,Parma,034027,72,28053,5169,0.18425836808897444
2020,Salsomaggiore Terme,034032,8,2064,423,0.20494186046511628
2020,Traversetolo,034042,3,678,122,0.17994100294985252
2020,Fidenza,034014,13,4254,868,0.20404325340855664
2020,Busseto,034007,3,558,134,0.24014336917562723
2021,Parma,034027,73,28317,5498,0.1941589857682664
2021,Traversetolo,034042,3,679,137,0.20176730486008837
2021,Salsomaggiore Terme,034032,10,1976,409,0.2069838056680162
2021,Fidenza,034014,13,4285,713,0.16639439906651107
2021,Busseto,034007,3,568,153,0.26936619718309857
2022,Parma,034027,74,28335,5680,0.2004587965413799
2022,Fidenza,034014,13,4412,856,0.19401631912964643
2022,Salsomaggiore Terme,034032,10,1944,406,0.2088477366255144
2022,Traversetolo,034042,3,675,162,0.24
2022,Busseto,034007,3,563,143,0.2539964476021314
2023,Parma,034027,76,29282,5953,0.2032989549894133
2023,Fidenza,034014,13,4484,912,0.2033898305084746
2023,Salsomaggiore Terme,034032,10,1939,442,0.22795255286230015
2023,Busseto,034007,3,566,160,0.2826855123674912
2023,Traversetolo,034042,3,677,170,0.2511078286558346
2024,Fidenza,034014,13,4612,953,0.20663486556808325
2024,Parma,034027,76,29146,5954,0.20428189116859946
2024,Traversetolo,034042,3,702,186,0.26495726495726496
2024,Salsomaggiore Terme,034032,10,1908,452,0.23689727463312368
2024,Busseto,034007,3,543,172,0.31675874769797424
2015,Bardi,034002,2,101,20,0.19801980198019803
2015,Tornolo,034040,3,40,4,0.1
2015,San Secondo Parmense,034033,3,1023,156,0.15249266862170088
2015,Varsi,034046,2,46,7,0.15217391304347827
2015,Neviano degli Arduini,034024,4,178,29,0.16292134831460675
2015,Borgo Val di Taro,034006,5,918,116,0.12636165577342048
2015,Montechiarugolo,034023,4,747,103,0.13788487282463185
2015,Torrile,034041,3,647,88,0.13601236476043277
2015,Polesine Zibello,034050,2,175,41,0.2342857142857143
2015,Lesignano de' Bagni,034019,2,323,26,0.0804953560371517
2015,Corniglio,034012,3,89,3,0.033707865168539325
2015,Langhirano,034018,5,1014,255,0.2514792899408284
2015,Medesano,034020,6,819,164,0.20024420024420025
2015,Fornovo di Taro,034017,6,887,231,0.26042841037204056
2015,Albareto,034001,2,84,3,0.03571428571428571
2015,Compiano,034011,1,52,4,0.07692307692307693
2015,Sissa Trecasali,034049,4,602,90,0.14950166112956811
2015,Berceto,034004,3,79,15,0.189873417721519
2015,Terenzo,034038,1,14,4,0.2857142857142857
2015,Noceto,034025,3,975,158,0.16205128205128205
2015,Colorno,034010,2,722,174,0.2409972299168975
2015,Tizzano Val Parma,034039,3,119,30,0.25210084033613445
2015,Solignano,034035,2,80,13,0.1625
2015,Bore,034005,1,12,4,0.3333333333333333
2015,Felino,034013,2,684,98,0.14327485380116958
2015,Palanzano,034026,2,42,13,0.30952380952380953
2015,Sala Baganza,034031,2,393,59,0.15012722646310434
2015,Sorbolo Mezzani,034051,4,1061,136,0.1281809613572102
2015,Calestano,034008,2,111,27,0.24324324324324326
2015,Collecchio,034009,3,1113,154,0.13836477987421383
2015,Varano de' Melegari,034045,2,230,36,0.1565217391304348
2015,Bedonia,034003,3,409,54,0.13202933985330073
2015,Pellegrino Parmense,034028,2,52,1,0.019230769230769232
2015,Roccabianca,034030,2,196,40,0.20408163265306123
2015,Fontevivo,034016,3,423,94,0.2222222222222222
2015,Soragna,034036,2,346,76,0.21965317919075145
2015,Fontanellato,034015,2,419,86,0.2052505966587112
2015,Monchio delle Corti,034022,1,23,1,0.043478260869565216
2016,Noceto,034025,3,993,167,0.16817724068479356
2016,San Secondo Parmense,034033,3,1037,167,0.16104146576663453
2016,Collecchio,034009,3,1155,153,0.13246753246753246
2016,Langhirano,034018,5,1010,265,0.2623762376237624
2016,Sorbolo Mezzani,034051,4,1084,137,0.12638376383763839
2016,Neviano degli Arduini,034024,4,184,43,0.23369565217391305
2016,Sala Baganza,034031,2,389,62,0.15938303341902313
2016,Calestano,034008,2,123,35,0.2845528455284553
2016,Tornolo,034040,3,39,6,0.15384615384615385
2016,Bedonia,034003,3,429,57,0.13286713286713286
2016,Fornovo di Taro,034017,6,902,242,0.2682926829268293
2016,Compiano,034011,1,52,4,0.07692307692307693
2016,Medesano,034020,6,822,171,0.20802919708029197
2016,Borgo Val di Taro,034006,5,894,114,0.12751677852348994
2016,Fontanellato,034015,2,427,93,0.21779859484777517
2016,Soragna,034036,2,352,73,0.20738636363636365
2016,Fontevivo,034016,3,437,98,0.2242562929061785
2016,Colorno,034010,2,714,186,0.2605042016806723
2016,Varano de' Melegari,034045,2,242,32,0.1322314049586777
2016,Bardi,034002,2,91,18,0.1978021978021978
2016,Varsi,034046,2,57,8,0.14035087719298245
2016,Pellegrino Parmense,034028,2,54,2,0.037037037037037035
2016,Albareto,034001,2,81,4,0.04938271604938271
2016,Roccabianca,034030,2,188,32,0.1702127659574468
2016,Solignano,034035,2,75,13,0.17333333333333334
2016,Montechiarugolo,034023,4,787,115,0.14612452350698857
2016,Polesine Zibello,034050,2,169,39,0.23076923076923078
2016,Felino,034013,2,710,103,0.14507042253521127
2016,Terenzo,034038,1,14,5,0.35714285714285715
2016,Berceto,034004,3,74,16,0.21621621621621623
2016,Sissa Trecasali,034049,4,620,100,0.16129032258064516
2016,Lesignano de' Bagni,034019,2,331,32,0.09667673716012085
2016,Torrile,034041,3,680,93,0.13676470588235295
2016,Tizzano Val Parma,034039,3,130,37,0.2846153846153846
2016,Monchio delle Corti,034022,1,14,1,0.07142857142857142
2016,Palanzano,034026,2,44,7,0.1590909090909091
2016,Bore,034005,1,11,6,0.5454545454545454
2016,Corniglio,034012,3,87,5,0.05747126436781609
2017,Soragna,034036,2,357,78,0.2184873949579832
2017,Monchio delle Corti,034022,2,27,1,0.037037037037037035
2017,Fontevivo,034016,3,439,108,0.2460136674259681
2017,Sorbolo Mezzani,034051,4,1090,138,0.12660550458715597
2017,Neviano degli Arduini,034024,4,173,47,0.27167630057803466
2017,Fornovo di Taro,034017,6,934,238,0.25481798715203424
2017,Berceto,034004,3,75,15,0.2
2017,Langhirano,034018,5,1040,295,0.28365384615384615
2017,Varano de' Melegari,034045,2,246,35,0.14227642276422764
2017,Borgo Val di Taro,034006,5,874,114,0.13043478260869565
2017,Tizzano Val Parma,034039,3,135,42,0.3111111111111111
2017,Sissa Trecasali,034049,4,604,100,0.16556291390728478
2017,Palanzano,034026,2,33,5,0.15151515151515152
2017,Pellegrino Parmense,034028,2,63,5,0.07936507936507936
2017,Felino,034013,2,719,107,0.14881780250347706
2017,Lesignano de' Bagni,034019,2,347,37,0.10662824207492795
2017,Sala Baganza,034031,2,389,61,0.15681233933161953
2017,Corniglio,034012,3,85,4,0.047058823529411764
2017,Calestano,034008,2,126,37,0.29365079365079366
2017,Varsi,034046,2,60,11,0.18333333333333332
2017,San Secondo Parmense,034033,3,1029,150,0.1457725947521866
2017,Bore,034005,1,10,5,0.5
2017,Solignano,034035,2,82,17,0.2073170731707317
2017,Albareto,034001,2,78,2,0.02564102564102564
2017,Medesano,034020,6,797,171,0.21455457967377667
2017,Collecchio,034009,3,1176,148,0.12585034013605442
2017,Bardi,034002,2,106,23,0.2169811320754717
2017,Fontanellato,034015,2,422,95,0.22511848341232227
2017,Tornolo,034040,3,37,6,0.16216216216216217
2017,Montechiarugolo,034023,4,835,126,0.15089820359281436
2017,Colorno,034010,2,698,181,0.2593123209169054
2017,Torrile,034041,3,681,102,0.14977973568281938
2017,Noceto,034025,3,1017,174,0.1710914454277286
2017,Polesine Zibello,034050,2,158,41,0.25949367088607594
2017,Bedonia,034003,3,449,59,0.13140311804008908
2017,Terenzo,034038,1,14,2,0.14285714285714285
2017,Roccabianca,034030,2,204,33,0.16176470588235295
2017,Compiano,034011,1,47,4,0.0851063829787234
2018,Tizzano Val Parma,034039,3,145,43,0.296551724137931
2018,Lesignano de' Bagni,034019,2,355,35,0.09859154929577464
2018,Palanzano,034026,2,27,5,0.18518518518518517
2018,Langhirano,034018,5,1070,313,0.2925233644859813
2018,Soragna,034036,2,361,80,0.22160664819944598
2018,Medesano,034020,6,798,169,0.21177944862155387
2018,Tornolo,034040,3,35,8,0.22857142857142856
2018,Corniglio,034012,3,86,5,0.05813953488372093
2018,Sorbolo Mezzani,034051,4,1071,142,0.13258636788048553
2018,Sala Baganza,034031,2,398,64,0.16080402010050251
2018,Albareto,034001,2,98,5,0.05102040816326531
2018,Calestano,034008,2,131,40,0.3053435114503817
2018,Fontanellato,034015,2,431,98,0.2273781902552204
2018,Compiano,034011,1,39,3,0.07692307692307693
2018,Sissa Trecasali,034049,4,599,96,0.16026711185308848
2018,Collecchio,034009,3,1245,157,0.12610441767068273
2018,Montechiarugolo,034023,4,861,127,0.14750290360046459
2018,San Secondo Parmense,034033,3,1030,168,0.16310679611650486
2018,Neviano degli Arduini,034024,4,193,51,0.26424870466321243
2018,Borgo Val di Taro,034006,5,853,124,0.14536928487690504
2018,Bedonia,034003,3,461,64,0.13882863340563992
2018,Colorno,034010,2,679,205,0.3019145802650957
2018,Noceto,034025,3,999,171,0.17117117117117117
2018,Fontevivo,034016,3,440,115,0.26136363636363635
2018,Fornovo di Taro,034017,6,990,247,0.2494949494949495
2018,Torrile,034041,3,700,98,0.14
2018,Monchio delle Corti,034022,2,31,1,0.03225806451612903
2018,Roccabianca,034030,2,193,26,0.13471502590673576
2018,Varsi,034046,2,64,10,0.15625
2018,Bore,034005,1,7,5,0.7142857142857143
2018,Varano de' Melegari,034045,2,243,29,0.11934156378600823
2018,Pellegrino Parmense,034028,2,57,5,0.08771929824561403
2018,Felino,034013,2,723,114,0.15767634854771784
2018,Bardi,034002,2,97,21,0.21649484536082475
2018,Berceto,034004,3,81,13,0.16049382716049382
2018,Solignano,034035,2,71,14,0.19718309859154928
2018,Polesine Zibello,034050,2,161,41,0.2546583850931677
2018,Terenzo,034038,1,11,0,0
2019,Borgo Val di Taro,034006,5,817,132,0.16156670746634028
2019,Fontevivo,034016,3,425,98,0.23058823529411765
2019,Langhirano,034018,5,1093,349,0.3193046660567246
2019,Soragna,034036,2,371,70,0.18867924528301888
2019,Bedonia,034003,3,477,80,0.16771488469601678
2019,Monchio delle Corti,034022,2,28,1,0.03571428571428571
2019,Polesine Zibello,034050,2,155,39,0.25161290322580643
2019,Varsi,034046,2,60,11,0.18333333333333332
2019,Sorbolo Mezzani,034051,4,1041,138,0.13256484149855907
2019,Varano de' Melegari,034045,2,255,33,0.12941176470588237
2019,Pellegrino Parmense,034028,2,51,2,0.0392156862745098
2019,Torrile,034041,3,721,106,0.14701803051317613
2019,Neviano degli Arduini,034024,4,194,49,0.25257731958762886
2019,Fontanellato,034015,2,447,104,0.232662192393736
2019,Fornovo di Taro,034017,6,1081,243,0.2247918593894542
2019,Medesano,034020,6,764,158,0.20680628272251309
2019,Tornolo,034040,3,32,5,0.15625
2019,Albareto,034001,2,99,4,0.04040404040404041
2019,San Secondo Parmense,034033,3,1073,175,0.16309412861137
2019,Roccabianca,034030,2,203,29,0.14285714285714285
2019,Lesignano de' Bagni,034019,2,356,36,0.10112359550561797
2019,Bardi,034002,2,92,18,0.1956521739130435
2019,Sissa Trecasali,034049,4,586,103,0.1757679180887372
2019,Tizzano Val Parma,034039,3,141,49,0.3475177304964539
2019,Montechiarugolo,034023,4,867,120,0.1384083044982699
2019,Colorno,034010,2,673,215,0.31946508172362553
2019,Corniglio,034012,3,84,3,0.03571428571428571
2019,Palanzano,034026,2,28,4,0.14285714285714285
2019,Berceto,034004,3,71,10,0.14084507042253522
2019,Noceto,034025,3,1033,179,0.1732817037754114
2019,Sala Baganza,034031,2,388,70,0.18041237113402062
2019,Felino,034013,2,722,126,0.1745152354570637
2019,Compiano,034011,1,39,5,0.1282051282051282
2019,Collecchio,034009,3,1256,176,0.14012738853503184
2019,Solignano,034035,2,75,16,0.21333333333333335
2019,Terenzo,034038,1,20,2,0.1
2019,Calestano,034008,2,143,53,0.3706293706293706
2020,Pellegrino Parmense,034028,2,46,2,0.043478260869565216
2020,Sissa Trecasali,034049,4,596,66,0.11073825503355705
2020,Bardi,034002,2,95,17,0.17894736842105263
2020,Monchio delle Corti,034022,2,30,2,0.06666666666666667
2020,Neviano degli Arduini,034024,4,196,49,0.25
2020,Medesano,034020,6,748,159,0.21256684491978609
2020,Varano de' Melegari,034045,2,250,26,0.104
2020,Corniglio,034012,3,78,6,0.07692307692307693
2020,Solignano,034035,2,76,15,0.19736842105263158
2020,San Secondo Parmense,034033,3,1084,179,0.16512915129151293
2020,Fornovo di Taro,034017,6,1156,255,0.22058823529411764
2020,Sorbolo Mezzani,034051,4,1016,139,0.13681102362204725
2020,Roccabianca,034030,2,191,27,0.14136125654450263
2020,Lesignano de' Bagni,034019,2,358,36,0.1005586592178771
2020,Felino,034013,2,703,124,0.1763869132290185
2020,Polesine Zibello,034050,2,148,41,0.27702702702702703
2020,Collecchio,034009,3,1191,192,0.16120906801007556
2020,Noceto,034025,3,1075,183,0.1702325581395349
2020,Tizzano Val Parma,034039,3,137,52,0.3795620437956204
2020,Calestano,034008,2,142,49,0.34507042253521125
2020,Sala Baganza,034031,2,377,77,0.20424403183023873
2020,Tornolo,034040,3,31,5,0.16129032258064516
2020,Bedonia,034003,3,477,80,0.16771488469601678
2020,Compiano,034011,1,44,9,0.20454545454545456
2020,Palanzano,034026,2,34,4,0.11764705882352941
2020,Albareto,034001,2,116,5,0.04310344827586207
2020,Montechiarugolo,034023,4,898,129,0.14365256124721604
2020,Fontanellato,034015,2,469,113,0.24093816631130063
2020,Varsi,034046,2,64,16,0.25
2020,Langhirano,034018,5,1085,379,0.3493087557603687
2020,Torrile,034041,3,704,108,0.1534090909090909
2020,Terenzo,034038,1,17,2,0.11764705882352941
2020,Colorno,034010,2,650,203,0.3123076923076923
2020,Borgo Val di Taro,034006,5,762,136,0.1784776902887139
2020,Fontevivo,034016,3,423,103,0.24349881796690306
2020,Berceto,034004,3,72,10,0.1388888888888889
2020,Soragna,034036,2,377,81,0.21485411140583555
2021,Sorbolo Mezzani,034051,4,978,154,0.1574642126789366
2021,Monchio delle Corti,034022,2,29,2,0.06896551724137931
2021,Langhirano,034018,5,1079,416,0.3855421686746988
2021,Sissa Trecasali,034049,4,588,103,0.17517006802721088
2021,Palanzano,034026,2,46,12,0.2608695652173913
2021,Torrile,034041,3,715,127,0.17762237762237762
2021,Neviano degli Arduini,034024,4,201,54,0.26865671641791045
2021,Bedonia,034003,3,480,90,0.1875
2021,Fornovo di Taro,034017,6,1197,272,0.227234753550543
2021,Tornolo,034040,2,23,2,0.08695652173913043
2021,Berceto,034004,3,68,11,0.16176470588235295
2021,Polesine Zibello,034050,2,156,48,0.3076923076923077
2021,Borgo Val di Taro,034006,5,748,144,0.1925133689839572
2021,Albareto,034001,2,123,9,0.07317073170731707
2021,Pellegrino Parmense,034028,2,50,4,0.08
2021,Solignano,034035,2,79,15,0.189873417721519
2021,San Secondo Parmense,034033,3,1071,180,0.16806722689075632
2021,Varano de' Melegari,034045,2,235,30,0.1276595744680851
2021,Sala Baganza,034031,2,373,83,0.2225201072386059
2021,Compiano,034011,1,38,8,0.21052631578947367
2021,Bardi,034002,2,92,16,0.17391304347826086
2021,Felino,034013,2,693,138,0.19913419913419914
2021,Varsi,034046,2,58,11,0.1896551724137931
2021,Fontevivo,034016,3,411,103,0.25060827250608275
2021,Roccabianca,034030,2,187,39,0.20855614973262032
2021,Fontanellato,034015,2,500,128,0.256
2021,Collecchio,034009,3,1224,214,0.17483660130718953
2021,Noceto,034025,3,1103,199,0.18041704442429737
2021,Medesano,034020,6,734,162,0.22070844686648503
2021,Calestano,034008,2,150,55,0.36666666666666664
2021,Terenzo,034038,1,22,3,0.13636363636363635
2021,Tizzano Val Parma,034039,3,141,50,0.3546099290780142
2021,Lesignano de' Bagni,034019,2,358,39,0.10893854748603352
2021,Corniglio,034012,3,80,6,0.075
2021,Montechiarugolo,034023,4,863,134,0.1552723059096176
2021,Colorno,034010,2,659,212,0.3216995447647951
2021,Soragna,034036,2,379,80,0.21108179419525067
2022,Monchio delle Corti,034022,2,25,4,0.16
2022,Varano de' Melegari,034045,2,244,35,0.14344262295081966
2022,Palanzano,034026,2,47,12,0.2553191489361702
2022,Fontanellato,034015,2,483,129,0.2670807453416149
2022,Solignano,034035,2,77,18,0.23376623376623376
2022,Torrile,034041,3,697,113,0.16212338593974174
2022,Borgo Val di Taro,034006,5,732,151,0.2062841530054645
2022,Albareto,034001,2,124,6,0.04838709677419355
2022,Berceto,034004,3,76,11,0.14473684210526316
2022,Langhirano,034018,5,1062,498,0.4689265536723164
2022,Pellegrino Parmense,034028,2,50,9,0.18
2022,San Secondo Parmense,034033,3,1097,205,0.18687329079307202
2022,Neviano degli Arduini,034024,4,194,46,0.23711340206185566
2022,Fontevivo,034016,3,421,109,0.2589073634204275
2022,Lesignano de' Bagni,034019,2,349,33,0.09455587392550144
2022,Sissa Trecasali,034049,4,554,111,0.2003610108303249
2022,Montechiarugolo,034023,4,853,158,0.18522860492379836
2022,Tizzano Val Parma,034039,3,144,50,0.3472222222222222
2022,Collecchio,034009,3,1242,218,0.17552334943639292
2022,Fornovo di Taro,034017,6,1180,282,0.23898305084745763
2022,Colorno,034010,2,666,216,0.32432432432432434
2022,Corniglio,034012,3,79,6,0.0759493670886076
2022,Medesano,034020,6,755,171,0.22649006622516557
2022,Noceto,034025,3,1122,204,0.18181818181818182
2022,Sorbolo Mezzani,034051,4,997,170,0.17051153460381144
2022,Bardi,034002,2,84,11,0.13095238095238096
2022,Bedonia,034003,3,450,79,0.17555555555555555
2022,Soragna,034036,2,356,66,0.1853932584269663
2022,Roccabianca,034030,2,181,37,0.20441988950276244
2022,Terenzo,034038,1,25,5,0.2
2022,Calestano,034008,2,148,54,0.36486486486486486
2022,Sala Baganza,034031,2,375,93,0.248
2022,Polesine Zibello,034050,2,153,51,0.3333333333333333
2022,Felino,034013,2,671,138,0.20566318926974664
2022,Varsi,034046,2,59,7,0.11864406779661017
2022,Compiano,034011,1,40,10,0.25
2022,Tornolo,034040,2,20,3,0.15
2023,Bedonia,034003,3,447,76,0.17002237136465326
2023,Langhirano,034018,5,1066,510,0.47842401500938087
2023,Borgo Val di Taro,034006,5,756,176,0.2328042328042328
2023,Polesine Zibello,034050,2,161,57,0.35403726708074534
2023,Bardi,034002,2,92,18,0.1956521739130435
2023,Monchio delle Corti,034022,2,23,4,0.17391304347826086
2023,Medesano,034020,6,723,165,0.22821576763485477
2023,Fontanellato,034015,2,465,125,0.26881720430107525
2023,Felino,034013,2,649,145,0.22342064714946072
2023,Calestano,034008,2,163,59,0.3619631901840491
2023,Fontevivo,034016,3,426,98,0.2300469483568075
2023,Tornolo,034040,1,9,0,0
2023,Compiano,034011,1,35,9,0.2571428571428571
2023,Sala Baganza,034031,2,376,97,0.2579787234042553
2023,Albareto,034001,2,109,4,0.03669724770642202
2023,Noceto,034025,3,1118,192,0.17173524150268335
2023,Varano de' Melegari,034045,2,226,29,0.12831858407079647
2023,Pellegrino Parmense,034028,2,52,12,0.23076923076923078
2023,Tizzano Val Parma,034039,3,145,46,0.31724137931034485
2023,Palanzano,034026,2,41,10,0.24390243902439024
2023,Varsi,034046,2,53,9,0.16981132075471697
2023,Corniglio,034012,3,70,4,0.05714285714285714
2023,Sissa Trecasali,034049,3,544,115,0.2113970588235294
2023,Torrile,034041,3,690,125,0.18115942028985507
2023,Colorno,034010,2,657,197,0.2998477929984779
2023,Fornovo di Taro,034017,6,1156,275,0.2378892733564014
2023,Montechiarugolo,034023,4,858,165,0.19230769230769232
2023,Lesignano de' Bagni,034019,2,330,29,0.08787878787878788
2023,Neviano degli Arduini,034024,4,189,47,0.24867724867724866
2023,Sorbolo Mezzani,034051,4,975,183,0.18769230769230769
2023,Solignano,034035,2,74,18,0.24324324324324326
2023,Berceto,034004,2,75,9,0.12
2023,Terenzo,034038,1,30,8,0.26666666666666666
2023,San Secondo Parmense,034033,3,1077,198,0.18384401114206128
2023,Roccabianca,034030,2,189,45,0.23809523809523808
2023,Collecchio,034009,3,1222,233,0.190671031096563
2023,Soragna,034036,2,368,73,0.1983695652173913
2024,Neviano degli Arduini,034024,4,163,39,0.2392638036809816
2024,Medesano,034020,6,707,156,0.22065063649222066
2024,Bardi,034002,2,89,15,0.16853932584269662
2024,Varsi,034046,2,56,9,0.16071428571428573
2024,Sorbolo Mezzani,034051,4,916,185,0.2019650655021834
2024,Montechiarugolo,034023,4,812,151,0.18596059113300492
2024,Sissa Trecasali,034049,3,540,136,0.2518518518518518
2024,Felino,034013,2,640,152,0.2375
2024,Langhirano,034018,6,1068,525,0.49157303370786515
2024,Calestano,034008,2,158,59,0.37341772151898733
2024,Berceto,034004,2,78,14,0.1794871794871795
2024,Terenzo,034038,1,27,7,0.25925925925925924
2024,San Secondo Parmense,034033,3,1104,204,0.18478260869565216
2024,Sala Baganza,034031,2,387,107,0.27648578811369506
2024,Fornovo di Taro,034017,6,1091,275,0.2520623281393217
2024,Torrile,034041,3,674,139,0.2062314540059347
2024,Varano de' Melegari,034045,2,213,30,0.14084507042253522
2024,Collecchio,034009,3,1180,222,0.188135593220339
2024,Solignano,034035,2,76,21,0.27631578947368424
2024,Colorno,034010,2,653,211,0.3231240428790199
2024,Noceto,034025,3,1125,189,0.168
2024,Polesine Zibello,034050,2,165,60,0.36363636363636365
2024,Bedonia,034003,3,430,89,0.2069767441860465
2024,Fontevivo,034016,3,407,100,0.2457002457002457
2024,Monchio delle Corti,034022,2,24,4,0.16666666666666666
2024,Pellegrino Parmense,034028,2,45,10,0.2222222222222222
2024,Tizzano Val Parma,034039,3,151,46,0.304635761589404
2024,Soragna,034036,2,357,56,0.1568627450980392
2024,Roccabianca,034030,2,195,48,0.24615384615384617
2024,Borgo Val di Taro,034006,5,776,184,0.23711340206185566
2024,Palanzano,034026,2,52,13,0.25
2024,Lesignano de' Bagni,034019,2,346,35,0.10115606936416185
2024,Corniglio,034012,3,65,3,0.046153846153846156
2024,Compiano,034011,1,28,10,0.35714285714285715
2024,Albareto,034001,2,105,3,0.02857142857142857
2024,Tornolo,034040,1,10,0,0
2024,Fontanellato,034015,2,452,130,0.28761061946902655
