anno_inizio,provincia,alunni,alunni_stranieri,quota_stranieri
2015,MODENA,72303,10786,0.14917776579118433
2015,RIMINI,36413,4622,0.1269326888748524
2015,FERRARA,32743,4131,0.1261643710105977
2015,REGGIO EMILIA,63140,10067,0.15943934114665823
2015,PARMA,47080,7502,0.15934579439252336
2015,BOLOGNA,99168,14521,0.1464282833171991
2015,RAVENNA,41228,5684,0.13786746871058503
2015,FORLI'-CESENA,35726,4229,0.11837317359905951
2015,PIACENZA,30659,6227,0.20310512410711373
2016,BOLOGNA,101445,15268,0.15050519986199418
2016,RIMINI,37811,4859,0.12850757716008568
2016,REGGIO EMILIA,63425,9861,0.15547497043752465
2016,PARMA,47912,7821,0.16323676740691268
2016,FORLI'-CESENA,44622,5788,0.1297118013535924
2016,MODENA,85115,13517,0.15880867062209952
2016,RAVENNA,41730,5875,0.1407860052719866
2016,FERRARA,34552,4416,0.12780736281546654
2016,PIACENZA,30788,6364,0.20670391061452514
2017,BOLOGNA,103794,15997,0.1541225889743145
2017,MODENA,84521,13899,0.16444433927662946
2017,FORLI'-CESENA,46931,6119,0.13038290255907609
2017,RAVENNA,42050,6092,0.14487514863258028
2017,PARMA,48833,8110,0.1660762189503
2017,FERRARA,34538,4494,0.1301175516822051
2017,REGGIO EMILIA,63331,9860,0.1556899464717121
2017,RIMINI,37898,5033,0.1328038418913927
2017,PIACENZA,30845,6549,0.21231966283028045
2018,MODENA,87232,14128,0.16195891415994132
2018,PARMA,49319,8357,0.1694478801273343
2018,PIACENZA,30979,6616,0.21356402724426224
2018,BOLOGNA,106696,16639,0.15594773937167278
2018,RAVENNA,42300,6257,0.14791962174940898
2018,REGGIO EMILIA,63310,9781,0.15449376085926395
2018,RIMINI,38130,5078,0.13317597692105954
2018,FERRARA,34606,4692,0.13558342483962318
2018,FORLI'-CESENA,47174,6127,0.1298808665790478
2019,REGGIO EMILIA,63283,9705,0.1533587219316404
2019,RAVENNA,42211,6172,0.1462178105233233
2019,PARMA,49825,8845,0.1775213246362268
2019,BOLOGNA,106986,16433,0.1535995363879386
2019,MODENA,87428,14350,0.1641350597062726
2019,RIMINI,38214,5057,0.13233369969121264
2019,FORLI'-CESENA,47344,6339,0.1338923622845556
2019,PIACENZA,31135,6689,0.21483860607033883
2019,FERRARA,35875,4981,0.1388432055749129
2020,BOLOGNA,107187,16746,0.15623163256738223
2020,MODENA,87438,14865,0.1700061758045701
2020,REGGIO EMILIA,62948,9962,0.15825760945542353
2020,PIACENZA,31445,7029,0.22353315312450311
2020,RIMINI,38176,5156,0.13505867560771165
2020,PARMA,50860,9541,0.18759339362957136
2020,RAVENNA,42251,6455,0.15277744905446025
2020,FORLI'-CESENA,47421,6609,0.13936863414942746
2020,FERRARA,35881,5275,0.1470137398623227
2021,BOLOGNA,107147,17610,0.16435364499239363
2021,PARMA,51135,10022,0.19599100420455656
2021,RAVENNA,42064,6907,0.16420216812476227
2021,FERRARA,36144,5859,0.162101593625498
2021,RIMINI,38199,5572,0.14586769287154114
2021,REGGIO EMILIA,62676,10652,0.16995341119407747
2021,MODENA,87209,15676,0.17975208980724466
2021,PIACENZA,31643,7563,0.23901020762885947
2021,FORLI'-CESENA,47280,7044,0.14898477157360407
2022,PARMA,51275,10599,0.20670892247684056
2022,RIMINI,37960,5658,0.14905163329820864
2022,REGGIO EMILIA,61816,10576,0.171088391354989
2022,BOLOGNA,106427,17947,0.168632020070095
2022,MODENA,86544,15919,0.18394111665742283
2022,FERRARA,36104,6104,0.16906713937513848
2022,PIACENZA,31780,7705,0.24244808055380743
2022,FORLI'-CESENA,47004,7249,0.15422091736873458
2022,RAVENNA,42298,7064,0.16700553217646225
2023,MODENA,85794,16206,0.18889432827470454
2023,PARMA,52059,11011,0.21151001748016673
2023,RIMINI,37566,5713,0.15207900761326731
2023,REGGIO EMILIA,61179,10803,0.17658019908792233
2023,RAVENNA,41927,7292,0.1739213394709853
2023,FORLI'-CESENA,46845,7336,0.15660155833066497
2023,BOLOGNA,107210,19017,0.1773808413394273
2023,PIACENZA,31893,7941,0.2489888063211363
2023,FERRARA,36036,6408,0.17782217782217782
2024,REGGIO EMILIA,60715,10954,0.18041670097998846
2024,BOLOGNA,107099,19388,0.18102876777560947
2024,PARMA,51747,11175,0.21595454808974432
2024,RIMINI,38271,6023,0.15737764887251443
2024,MODENA,85015,16299,0.1917191083926366
2024,RAVENNA,41565,7357,0.17699987970648381
2024,FORLI'-CESENA,46506,7317,0.15733453747903497
2024,PIACENZA,31740,8006,0.252236925015753
2024,FERRARA,35806,6653,0.18580684801429928
2015,EMILIA-ROMAGNA,458460,67769,0.14781878462679404
2016,EMILIA-ROMAGNA,487400,73769,0.15135207221994254
2017,EMILIA-ROMAGNA,492741,76153,0.1545497533186806
2018,EMILIA-ROMAGNA,499746,77675,0.1554289579106186
2019,EMILIA-ROMAGNA,502301,78571,0.15642214528738743
2020,EMILIA-ROMAGNA,503607,81638,0.16210656325269507
2021,EMILIA-ROMAGNA,503497,86905,0.17260281590555654
2022,EMILIA-ROMAGNA,501208,88821,0.17721385133517423
2023,EMILIA-ROMAGNA,500509,91727,0.18326743375244
2024,EMILIA-ROMAGNA,498464,93172,0.18691821274956666
