anno_inizio,provincia,alunni_sec2,alunni_serali,quota_serali
2015,FERRARA,13977,163,0.011662016169421191
2015,MODENA,30184,609,0.020176252319109463
2015,RAVENNA,13482,298,0.02210354546803145
2015,PIACENZA,11011,183,0.016619743892471166
2015,FORLI'-CESENA,14952,416,0.027822364901016586
2015,RIMINI,12235,431,0.035226808336738864
2015,REGGIO EMILIA,20397,391,0.01916948570868265
2015,PARMA,16798,704,0.04190975116085248
2015,BOLOGNA,30372,1330,0.043790333201633086
2016,RIMINI,13411,512,0.0381776153903512
2016,RAVENNA,13866,261,0.018823020337516226
2016,FERRARA,14129,206,0.014579941963337817
2016,PARMA,17037,602,0.035334859423607444
2016,MODENA,31437,757,0.0240799058434329
2016,PIACENZA,11044,187,0.01693227091633466
2016,REGGIO EMILIA,20676,377,0.018233700909266782
2016,BOLOGNA,31255,1148,0.036730123180291153
2016,FORLI'-CESENA,15302,322,0.021043000914913082
2017,FERRARA,14141,245,0.017325507389859274
2017,MODENA,32001,691,0.02159307521639949
2017,RIMINI,13592,484,0.03560918187168923
2017,PIACENZA,11191,248,0.0221606648199446
2017,FORLI'-CESENA,17513,261,0.014903214754753612
2017,BOLOGNA,32223,936,0.029047574713713806
2017,RAVENNA,14173,280,0.019755873844634165
2017,PARMA,17761,645,0.036315522774618546
2017,REGGIO EMILIA,20585,369,0.017925674034491135
2018,BOLOGNA,34712,1015,0.0292406084351233
2018,MODENA,32970,652,0.019775553533515317
2018,FERRARA,14216,239,0.016812042768711313
2018,REGGIO EMILIA,20837,358,0.017180976148197916
2018,PIACENZA,11248,217,0.019292318634423898
2018,FORLI'-CESENA,17791,225,0.012646843909842055
2018,PARMA,18026,613,0.034006435149228895
2018,RIMINI,13714,459,0.03346944728015167
2018,RAVENNA,14375,277,0.019269565217391305
2019,BOLOGNA,35257,1009,0.028618430382619055
2019,PARMA,18223,719,0.03945563299127476
2019,RAVENNA,14495,307,0.021179717143842706
2019,FORLI'-CESENA,17996,233,0.01294732162702823
2019,MODENA,33407,708,0.021193163109527943
2019,FERRARA,14386,253,0.01758654247184763
2019,PIACENZA,11408,217,0.019021739130434784
2019,RIMINI,13894,437,0.03145242550741327
2019,REGGIO EMILIA,21111,341,0.016152716593245228
2020,BOLOGNA,36548,935,0.02558279522819306
2020,RIMINI,14285,406,0.028421421071053554
2020,FERRARA,14831,272,0.018339963589778168
2020,PIACENZA,11813,148,0.012528570219249979
2020,PARMA,18601,652,0.03505187893124025
2020,REGGIO EMILIA,21650,289,0.013348729792147806
2020,FORLI'-CESENA,18575,207,0.011144010767160161
2020,MODENA,34207,706,0.02063905048674248
2020,RAVENNA,14992,279,0.01860992529348986
2021,MODENA,34338,708,0.020618556701030927
2021,BOLOGNA,36771,891,0.024231051643958553
2021,FERRARA,15075,234,0.015522388059701492
2021,REGGIO EMILIA,21711,327,0.015061489567500346
2021,FORLI'-CESENA,18797,183,0.009735596105761558
2021,RAVENNA,15172,264,0.017400474558397046
2021,PARMA,18865,596,0.03159289689901935
2021,RIMINI,14456,343,0.023727172108467073
2021,PIACENZA,11783,82,0.006959178477467538
2022,FERRARA,15404,198,0.012853804206699558
2022,PIACENZA,11835,105,0.008871989860583017
2022,MODENA,34536,701,0.020297660412323372
2022,RAVENNA,15978,308,0.019276505194642635
2022,REGGIO EMILIA,21652,372,0.01718086089044892
2022,BOLOGNA,36710,835,0.022745845818578043
2022,FORLI'-CESENA,18909,209,0.011052937754508435
2022,PARMA,19066,477,0.025018357285219762
2022,RIMINI,14546,297,0.02041798432558779
2023,RIMINI,14612,339,0.023200109499041884
2023,FORLI'-CESENA,19091,233,0.012204703787124823
2023,BOLOGNA,37705,905,0.02400212173451797
2023,MODENA,34562,650,0.01880678201492969
2023,REGGIO EMILIA,21744,343,0.01577446651949963
2023,PIACENZA,12055,99,0.008212360016590627
2023,PARMA,20093,510,0.02538197382172896
2023,RAVENNA,16132,347,0.02151004215224399
2023,FERRARA,15677,179,0.011418000893028003
2024,PARMA,20320,502,0.02470472440944882
2024,FERRARA,15903,218,0.01370810538892033
2024,REGGIO EMILIA,22200,344,0.015495495495495495
2024,MODENA,34744,722,0.020780566428735898
2024,PIACENZA,12085,121,0.010012412081092263
2024,BOLOGNA,38368,921,0.024004378648874062
2024,FORLI'-CESENA,19356,228,0.011779293242405457
2024,RAVENNA,16293,343,0.021051985515251948
2024,RIMINI,14596,403,0.02761030419292957
2015,EMILIA-ROMAGNA,163408,4525,0.027691422696563203
2016,EMILIA-ROMAGNA,168157,4372,0.025999512360472654
2017,EMILIA-ROMAGNA,173180,4159,0.024015475228086385
2018,EMILIA-ROMAGNA,177889,4055,0.022795113806924543
2019,EMILIA-ROMAGNA,180177,4224,0.023443613779783212
2020,EMILIA-ROMAGNA,185502,3894,0.02099168742115988
2021,EMILIA-ROMAGNA,186968,3628,0.01940439005605237
2022,EMILIA-ROMAGNA,188636,3502,0.01856485506478085
2023,EMILIA-ROMAGNA,191671,3605,0.018808270421712205
2024,EMILIA-ROMAGNA,193865,3802,0.019611585381579966
2015,ITALIA,2461448,48723,0.019794446195897698
2016,ITALIA,2459153,52864,0.021496832445968186
2017,ITALIA,2459381,55329,0.022497124276393124
2018,ITALIA,2455762,59779,0.02434234262114977
2019,ITALIA,2446890,64991,0.02656065454515732
2020,ITALIA,2484691,65700,0.02644191973971814
2021,ITALIA,2469669,66919,0.027096343680064007
2022,ITALIA,2446809,66841,0.027317620623432397
2023,ITALIA,2436383,70335,0.028868613842733266
2024,ITALIA,2422682,76783,0.03169338774135442
