anno_inizio,tipo,alunni,fonte
2024,CPIA,3058,"CPIA Parma, Bilancio di sostenibilità (2025)"
2017,carcere,33,MIM open data
2018,carcere,19,MIM open data
2019,carcere,30,MIM open data
2020,carcere,11,MIM open data
2021,carcere,25,MIM open data
2022,carcere,9,MIM open data
2023,carcere,18,MIM open data
2024,carcere,27,MIM open data
2015,serale,704,MIM open data
2016,serale,602,MIM open data
2017,serale,645,MIM open data
2018,serale,613,MIM open data
2019,serale,719,MIM open data
2020,serale,652,MIM open data
2021,serale,596,MIM open data
2022,serale,477,MIM open data
2023,serale,510,MIM open data
2024,serale,502,MIM open data
