anno_inizio,dimensione,valore,alunni,quota
2024,età,18,44,0.08764940239043825
2024,età,minorenni,10,0.0199203187250996
2024,età,oltre 18,448,0.8924302788844621
2024,cittadinanza,italiani,323,0.6434262948207171
2024,cittadinanza,stranieri,179,0.3565737051792829
2024,tipo istituto,artistico/liceo,63,0.1254980079681275
2024,tipo istituto,professionale,269,0.5358565737051793
2024,tipo istituto,tecnico,170,0.3386454183266932
2024,anno di corso,2,57,0.11354581673306773
2024,anno di corso,3,162,0.32270916334661354
2024,anno di corso,4,137,0.2729083665338645
2024,anno di corso,5,146,0.2908366533864542
