anno,ambito,eta,giudizio,percentuale
2026,Sulla società,Tutti gli adulti,Negativo,40
2026,Sulla società,Tutti gli adulti,Positivo,16
2026,Sulla società,Tutti gli adulti,Non sa,13
2026,Sulla società,18-29 anni,Negativo,48
2026,Sulla società,18-29 anni,Positivo,14
2026,Sulla società,18-29 anni,Non sa,8
2026,Sulla società,30-49 anni,Negativo,39
2026,Sulla società,30-49 anni,Positivo,17
2026,Sulla società,30-49 anni,Non sa,12
2026,Sulla società,50-64 anni,Negativo,38
2026,Sulla società,50-64 anni,Positivo,18
2026,Sulla società,50-64 anni,Non sa,12
2026,Sulla società,65 anni e più,Negativo,35
2026,Sulla società,65 anni e più,Positivo,15
2026,Sulla società,65 anni e più,Non sa,21
2026,Su di sé,Tutti gli adulti,Negativo,31
2026,Su di sé,Tutti gli adulti,Positivo,23
2026,Su di sé,Tutti gli adulti,Non sa,19
2026,Su di sé,18-29 anni,Negativo,37
2026,Su di sé,18-29 anni,Positivo,20
2026,Su di sé,18-29 anni,Non sa,12
2026,Su di sé,30-49 anni,Negativo,30
2026,Su di sé,30-49 anni,Positivo,26
2026,Su di sé,30-49 anni,Non sa,17
2026,Su di sé,50-64 anni,Negativo,28
2026,Su di sé,50-64 anni,Positivo,24
2026,Su di sé,50-64 anni,Non sa,19
2026,Su di sé,65 anni e più,Negativo,28
2026,Su di sé,65 anni e più,Positivo,17
2026,Su di sé,65 anni e più,Non sa,29
