anno,eta,frequenza,percentuale
2026,Tutti gli adulti,Più volte al giorno,16
2026,Tutti gli adulti,Circa una volta al giorno,8
2026,Tutti gli adulti,Ogni giorno (totale),24
2026,18-29 anni,Più volte al giorno,21
2026,18-29 anni,Circa una volta al giorno,11
2026,18-29 anni,Ogni giorno (totale),31
2026,30-49 anni,Più volte al giorno,23
2026,30-49 anni,Circa una volta al giorno,10
2026,30-49 anni,Ogni giorno (totale),34
2026,50-64 anni,Più volte al giorno,13
2026,50-64 anni,Circa una volta al giorno,6
2026,50-64 anni,Ogni giorno (totale),19
2026,65 anni e più,Più volte al giorno,4
2026,65 anni e più,Circa una volta al giorno,3
2026,65 anni e più,Ogni giorno (totale),7
