"territorio","anno","totale","indice"
"Bologna",2024,1017536,100
"Bologna",2025,1022195,100.457870778036
"Bologna",2026,1026471,100.878101610164
"Bologna",2027,1030390,101.263247688534
"Bologna",2028,1033976,101.615667652054
"Bologna",2029,1037252,101.93762186301
"Bologna",2030,1040236,102.230879300585
"Bologna",2031,1043063,102.508707308636
"Bologna",2032,1045704,102.768255865149
"Bologna",2033,1048164,103.01001635323
"Bologna",2034,1050455,103.235168092333
"Bologna",2035,1052580,103.444005912322
"Bologna",2036,1054468,103.629552173093
"Bologna",2037,1056255,103.805172495125
"Bologna",2038,1057981,103.974797943267
"Bologna",2039,1059617,104.135578495503
"Bologna",2040,1061140,104.285253789547
"Bologna",2041,1062525,104.421366909869
"Bologna",2042,1063749,104.541657494182
"Bologna",2043,1064787,104.643668626958
"Bologna",2044,1065621,104.725631329014
"Bologna",2045,1066228,104.785285238065
"Bologna",2046,1066572,104.819092395748
"Bologna",2047,1066622,104.824006226807
"Bologna",2048,1066356,104.797864645575
"Bologna",2049,1065761,104.739390055978
"Bologna",2050,1064819,104.646813478835
"Emilia-Romagna",2024,4451938,100
"Emilia-Romagna",2025,4468061,100.362156885383
"Emilia-Romagna",2026,4482549,100.687588191929
"Emilia-Romagna",2027,4495547,100.979550928158
"Emilia-Romagna",2028,4507117,101.239437745988
"Emilia-Romagna",2029,4517414,101.470730275219
"Emilia-Romagna",2030,4526466,101.674057455427
"Emilia-Romagna",2031,4534922,101.863997207508
"Emilia-Romagna",2032,4542671,102.038056235285
"Emilia-Romagna",2033,4549697,102.195875144712
"Emilia-Romagna",2034,4556097,102.339632762181
"Emilia-Romagna",2035,4561849,102.468834920882
"Emilia-Romagna",2036,4566661,102.576922679516
"Emilia-Romagna",2037,4571098,102.676587140252
"Emilia-Romagna",2038,4575339,102.771849023953
"Emilia-Romagna",2039,4579284,102.860462117846
"Emilia-Romagna",2040,4582822,102.939933125753
"Emilia-Romagna",2041,4585848,103.007903524263
"Emilia-Romagna",2042,4588262,103.062127100602
"Emilia-Romagna",2043,4589970,103.100492414764
"Emilia-Romagna",2044,4590875,103.120820640359
"Emilia-Romagna",2045,4590896,103.121292345042
"Emilia-Romagna",2046,4589858,103.097976656458
"Emilia-Romagna",2047,4587643,103.048223043537
"Emilia-Romagna",2048,4584161,102.970009914783
"Emilia-Romagna",2049,4579360,102.862169239554
"Emilia-Romagna",2050,4573125,102.72211787316
"Ferrara",2024,339664,100
"Ferrara",2025,339618,99.9864572047671
"Ferrara",2026,339472,99.9434735503321
"Ferrara",2027,339237,99.8742875312073
"Ferrara",2028,338921,99.7812544161289
"Ferrara",2029,338540,99.6690847425691
"Ferrara",2030,338098,99.5389561448961
"Ferrara",2031,337642,99.4047058269349
"Ferrara",2032,337163,99.2636841113571
"Ferrara",2033,336660,99.1155965895709
"Ferrara",2034,336136,98.9613264873522
"Ferrara",2035,335587,98.799696170333
"Ferrara",2036,334994,98.625111875265
"Ferrara",2037,334397,98.4493499458288
"Ferrara",2038,333812,98.2771209194969
"Ferrara",2039,333227,98.104891893165
"Ferrara",2040,332639,97.931779641057
"Ferrara",2041,332035,97.7539568514768
"Ferrara",2042,331412,97.5705402986481
"Ferrara",2043,330760,97.3785858966508
"Ferrara",2044,330074,97.1766216025248
"Ferrara",2045,329351,96.9637641904941
"Ferrara",2046,328577,96.7358919402704
"Ferrara",2047,327747,96.4915328088935
"Ferrara",2048,326852,96.2280371190353
"Ferrara",2049,325888,95.9442272363277
"Ferrara",2050,324854,95.6398087521786
"Forlì-Cesena",2024,392812,100
"Forlì-Cesena",2025,393888,100.273922385263
"Forlì-Cesena",2026,394828,100.513222610307
"Forlì-Cesena",2027,395644,100.720955571622
"Forlì-Cesena",2028,396344,100.899157866868
"Forlì-Cesena",2029,396945,101.052157266071
"Forlì-Cesena",2030,397455,101.181990366893
"Forlì-Cesena",2031,397924,101.301385904708
"Forlì-Cesena",2032,398349,101.409580155392
"Forlì-Cesena",2033,398729,101.50631854424
"Forlì-Cesena",2034,399072,101.59363766891
"Forlì-Cesena",2035,399379,101.671792104111
"Forlì-Cesena",2036,399622,101.733653758032
"Forlì-Cesena",2037,399847,101.790933067218
"Forlì-Cesena",2038,400070,101.847703226989
"Forlì-Cesena",2039,400278,101.900654766148
"Forlì-Cesena",2040,400463,101.947751087034
"Forlì-Cesena",2041,400615,101.986446442573
"Forlì-Cesena",2042,400724,102.01419508569
"Forlì-Cesena",2043,400780,102.028451269309
"Forlì-Cesena",2044,400775,102.027178395772
"Forlì-Cesena",2045,400699,102.007830718002
"Forlì-Cesena",2046,400537,101.966589615389
"Forlì-Cesena",2047,400277,101.90040019144
"Forlì-Cesena",2048,399913,101.807734997912
"Forlì-Cesena",2049,399439,101.68706658656
"Forlì-Cesena",2050,398847,101.536358359724
"Italia",2024,58971230,100
"Italia",2025,58934345,99.9374525510151
"Italia",2026,58878755,99.843186245225
"Italia",2027,58805554,99.7190562245353
"Italia",2028,58715887,99.5670041137009
"Italia",2029,58611060,99.389244551962
"Italia",2030,58492900,99.188875660216
"Italia",2031,58364122,98.970501378384
"Italia",2032,58225563,98.7355410426406
"Italia",2033,58079824,98.4884052783027
"Italia",2034,57927633,98.230328585651
"Italia",2035,57768647,97.9607293251302
"Italia",2036,57602136,97.6783696049752
"Italia",2037,57430821,97.3878635395599
"Italia",2038,57255658,97.0908322583741
"Italia",2039,57076186,96.7864940242895
"Italia",2040,56891848,96.4739043089317
"Italia",2041,56702471,96.1527697489098
"Italia",2042,56508186,95.8233124864446
"Italia",2043,56307931,95.4837316433793
"Italia",2044,56100752,95.1324094817083
"Italia",2045,55885869,94.7680233225592
"Italia",2046,55661736,94.3879515485772
"Italia",2047,55427010,93.9899167780628
"Italia",2048,55180948,93.572659074603
"Italia",2049,54922983,93.135216952402
"Italia",2050,54652345,92.676284690009
"Modena",2024,706445,100
"Modena",2025,709514,100.434428724104
"Modena",2026,712314,100.8307794662
"Modena",2027,714861,101.191317087671
"Modena",2028,717170,101.518164896064
"Modena",2029,719255,101.813304645089
"Modena",2030,721125,102.078010319275
"Modena",2031,722882,102.32672040994
"Modena",2032,724506,102.556603840356
"Modena",2033,725999,102.767943718195
"Modena",2034,727371,102.962155581822
"Modena",2035,728626,103.139805646583
"Modena",2036,729709,103.293108451472
"Modena",2037,730720,103.436219380136
"Modena",2038,731688,103.573243493832
"Modena",2039,732593,103.701349715831
"Modena",2040,733421,103.818556292422
"Modena",2041,734158,103.922881469895
"Modena",2042,734789,104.012201940703
"Modena",2043,735300,104.084535951136
"Modena",2044,735677,104.137901747482
"Modena",2045,735908,104.170600683705
"Modena",2046,735967,104.178952360056
"Modena",2047,735834,104.160125699807
"Modena",2048,735495,104.112138949246
"Modena",2049,734939,104.033435016173
"Modena",2050,734152,103.922032146876
"Parma",2024,454149,100
"Parma",2025,456861,100.597160843688
"Parma",2026,459377,101.15116404528
"Parma",2027,461705,101.663771141189
"Parma",2028,463854,102.136963859879
"Parma",2029,465835,102.573164313915
"Parma",2030,467655,102.973913847658
"Parma",2031,469381,103.35396532856
"Parma",2032,471007,103.71199760431
"Parma",2033,472535,104.048451059014
"Parma",2034,473970,104.364426652927
"Parma",2035,475317,104.661025346307
"Parma",2036,476541,104.930540417352
"Parma",2037,477710,105.187944925564
"Parma",2038,478843,105.437422519922
"Parma",2039,479927,105.676110703756
"Parma",2040,480953,105.902027748602
"Parma",2041,481909,106.112531349843
"Parma",2042,482788,106.306080163118
"Parma",2043,483578,106.480031883809
"Parma",2044,484269,106.632184591401
"Parma",2045,484854,106.760996941532
"Parma",2046,485315,106.862505477277
"Parma",2047,485639,106.933847701966
"Parma",2048,485816,106.972821695082
"Parma",2049,485839,106.977886112267
"Parma",2050,485698,106.946839033005
"Piacenza",2024,285389,100
"Piacenza",2025,286511,100.393147598541
"Piacenza",2026,287527,100.749152910589
"Piacenza",2027,288445,101.070819127577
"Piacenza",2028,289267,101.358847047363
"Piacenza",2029,290001,101.616039861382
"Piacenza",2030,290651,101.84379916535
"Piacenza",2031,291261,102.05754251215
"Piacenza",2032,291823,102.25446671035
"Piacenza",2033,292336,102.43422136102
"Piacenza",2034,292805,102.598558458805
"Piacenza",2035,293230,102.747478003707
"Piacenza",2036,293587,102.872570421425
"Piacenza",2037,293923,102.99030446163
"Piacenza",2038,294248,103.104184113613
"Piacenza",2039,294554,103.211406185943
"Piacenza",2040,294834,103.309517886113
"Piacenza",2041,295081,103.396066421621
"Piacenza",2042,295286,103.467898202103
"Piacenza",2043,295444,103.523261232914
"Piacenza",2044,295548,103.559702721548
"Piacenza",2045,295593,103.575470673362
"Piacenza",2046,295570,103.56741149799
"Piacenza",2047,295471,103.532722004002
"Piacenza",2048,295291,103.469650196749
"Piacenza",2049,295029,103.377845677304
"Piacenza",2050,294681,103.255906849949
"Ravenna",2024,387229,100
"Ravenna",2025,388052,100.212535734669
"Ravenna",2026,388750,100.392790829199
"Ravenna",2027,389333,100.543347734803
"Ravenna",2028,389816,100.668080128296
"Ravenna",2029,390214,100.770861686496
"Ravenna",2030,390532,100.852983635007
"Ravenna",2031,390827,100.929165945732
"Ravenna",2032,391089,100.996826167462
"Ravenna",2033,391317,101.055706055073
"Ravenna",2034,391515,101.106838589052
"Ravenna",2035,391680,101.149449034034
"Ravenna",2036,391785,101.17656477175
"Ravenna",2037,391878,101.200581568013
"Ravenna",2038,391975,101.22563134476
"Ravenna",2039,392061,101.247840425175
"Ravenna",2040,392125,101.264368112925
"Ravenna",2041,392157,101.272631956801
"Ravenna",2042,392144,101.269274770226
"Ravenna",2043,392076,101.251714101991
"Ravenna",2044,391946,101.218142236248
"Ravenna",2045,391743,101.165718476664
"Ravenna",2046,391455,101.091343881786
"Ravenna",2047,391068,100.991403019918
"Ravenna",2048,390575,100.864088175214
"Ravenna",2049,389970,100.707849876946
"Ravenna",2050,389247,100.521138654388
"Reggio nell'Emilia",2024,528877,100
"Reggio nell'Emilia",2025,530390,100.286077859313
"Reggio nell'Emilia",2026,531753,100.54379373654
"Reggio nell'Emilia",2027,532975,100.774849350605
"Reggio nell'Emilia",2028,534065,100.980946420434
"Reggio nell'Emilia",2029,535027,101.162841265549
"Reggio nell'Emilia",2030,535867,101.321668365234
"Reggio nell'Emilia",2031,536649,101.469528831846
"Reggio nell'Emilia",2032,537354,101.602830147652
"Reggio nell'Emilia",2033,537981,101.721383232774
"Reggio nell'Emilia",2034,538538,101.826700726256
"Reggio nell'Emilia",2035,539024,101.918593548216
"Reggio nell'Emilia",2036,539400,101.989687583313
"Reggio nell'Emilia",2037,539730,102.052083943904
"Reggio nell'Emilia",2038,540036,102.10994238736
"Reggio nell'Emilia",2039,540303,102.160426715475
"Reggio nell'Emilia",2040,540525,102.202402448963
"Reggio nell'Emilia",2041,540686,102.232844309736
"Reggio nell'Emilia",2042,540777,102.250050578868
"Reggio nell'Emilia",2043,540786,102.251752297793
"Reggio nell'Emilia",2044,540701,102.235680507944
"Reggio nell'Emilia",2045,540510,102.199566250754
"Reggio nell'Emilia",2046,540197,102.140384248133
"Reggio nell'Emilia",2047,539743,102.054541982351
"Reggio nell'Emilia",2048,539139,101.940337734483
"Reggio nell'Emilia",2049,538374,101.795691625841
"Reggio nell'Emilia",2050,537439,101.618901937502
"Rimini",2024,339837,100
"Rimini",2025,341030,100.351050650753
"Rimini",2026,342066,100.655902682757
"Rimini",2027,342955,100.917498683192
"Rimini",2028,343708,101.139075497959
"Rimini",2029,344335,101.323575714239
"Rimini",2030,344847,101.474236177932
"Rimini",2031,345294,101.605769824945
"Rimini",2032,345671,101.716705361688
"Rimini",2033,345982,101.808219823033
"Rimini",2034,346232,101.88178450257
"Rimini",2035,346427,101.93916495261
"Rimini",2036,346542,101.973004705197
"Rimini",2037,346624,101.997133920085
"Rimini",2038,346687,102.015672219329
"Rimini",2039,346722,102.025971274464
"Rimini",2040,346724,102.0265597919
"Rimini",2041,346685,102.015083701892
"Rimini",2042,346600,101.99007171085
"Rimini",2043,346462,101.949464007745
"Rimini",2044,346264,101.891200781551
"Rimini",2045,346002,101.814104997396
"Rimini",2046,345665,101.714939809379
"Rimini",2047,345242,101.590468371602
"Rimini",2048,344725,101.438336614318
"Rimini",2049,344109,101.257073243938
"Rimini",2050,343389,101.045206966869
