"territorio","anno","valore"
"Bologna",2024,39.0396747055351
"Ferrara",2024,47.431467069346
"Forlì-Cesena",2024,40.1994771538986
"Modena",2024,37.1748757302791
"Parma",2024,36.5676163198987
"Piacenza",2024,40.3711231683213
"Ravenna",2024,41.741953114002
"Reggio nell'Emilia",2024,35.0943119481358
"Rimini",2024,38.2674714485612
"Bologna",2025,39.3686372910842
"Ferrara",2025,47.8963147366943
"Forlì-Cesena",2025,40.6705480339444
"Modena",2025,37.6677921071567
"Parma",2025,36.8699648479709
"Piacenza",2025,40.6403817317287
"Ravenna",2025,42.1198232792436
"Reggio nell'Emilia",2025,35.6165425188123
"Rimini",2025,38.8856912628065
"Bologna",2026,39.725339061967
"Ferrara",2026,48.384108337254
"Forlì-Cesena",2026,41.1938476957147
"Modena",2026,38.2111381299346
"Parma",2026,37.2582362083683
"Piacenza",2026,41.0558619462729
"Ravenna",2026,42.5760492717656
"Reggio nell'Emilia",2026,36.2284833733168
"Rimini",2026,39.5478435047871
"Bologna",2027,40.1896264955889
"Ferrara",2027,48.9094604187127
"Forlì-Cesena",2027,41.801597364107
"Modena",2027,38.9072880515617
"Parma",2027,37.7460264754812
"Piacenza",2027,41.5862314091813
"Ravenna",2027,43.1699373350923
"Reggio nell'Emilia",2027,36.8444681551966
"Rimini",2027,40.2785366951203
"Bologna",2028,40.7446816654291
"Ferrara",2028,49.5077184286021
"Forlì-Cesena",2028,42.4210730352052
"Modena",2028,39.5608942334356
"Parma",2028,38.3341332990813
"Piacenza",2028,42.0984599680454
"Ravenna",2028,43.8148031964073
"Reggio nell'Emilia",2028,37.589128184191
"Rimini",2028,41.1376725330588
"Bologna",2029,41.3789672517091
"Ferrara",2029,50.3013658321277
"Forlì-Cesena",2029,43.1892088658793
"Modena",2029,40.40881888931
"Parma",2029,39.0502112255132
"Piacenza",2029,42.8025718188178
"Ravenna",2029,44.5819626342251
"Reggio nell'Emilia",2029,38.425746073566
"Rimini",2029,42.0585024802067
"Bologna",2030,42.3235489518268
"Ferrara",2030,51.2001658464834
"Forlì-Cesena",2030,44.1721577368265
"Modena",2030,41.4052400955477
"Parma",2030,40.0034485440044
"Piacenza",2030,43.6616975221052
"Ravenna",2030,45.7431667609948
"Reggio nell'Emilia",2030,39.5099100367538
"Rimini",2030,43.3132309856939
"Bologna",2031,43.2130395267189
"Ferrara",2031,52.1133551719167
"Forlì-Cesena",2031,45.1587123606043
"Modena",2031,42.3848472757902
"Parma",2031,40.9409016268558
"Piacenza",2031,44.5583622623818
"Ravenna",2031,46.7183469014856
"Reggio nell'Emilia",2031,40.5621756622234
"Rimini",2031,44.3869180682911
"Bologna",2032,44.1260254450729
"Ferrara",2032,53.0898327749147
"Forlì-Cesena",2032,46.1623543677389
"Modena",2032,43.3971876230498
"Parma",2032,41.9350460297047
"Piacenza",2032,45.523353857014
"Ravenna",2032,47.8480394838156
"Reggio nell'Emilia",2032,41.7504458017619
"Rimini",2032,45.5881252921926
"Bologna",2033,45.0831384071421
"Ferrara",2033,53.9657877346355
"Forlì-Cesena",2033,47.1515221392717
"Modena",2033,44.4556176787382
"Parma",2033,42.960270377896
"Piacenza",2033,46.4658286537401
"Ravenna",2033,48.9371520501259
"Reggio nell'Emilia",2033,42.8920502291541
"Rimini",2033,46.7670984102489
"Bologna",2034,46.0809934751888
"Ferrara",2034,55.0160791337621
"Forlì-Cesena",2034,48.2585270835924
"Modena",2034,45.5424815458781
"Parma",2034,44.0400326657805
"Piacenza",2034,47.4366945512096
"Ravenna",2034,50.1251423040681
"Reggio nell'Emilia",2034,44.1689810992178
"Rimini",2034,48.1041889931053
"Bologna",2035,47.189267016116
"Ferrara",2035,56.1501913347202
"Forlì-Cesena",2035,49.4267079759827
"Modena",2035,46.7300625289748
"Parma",2035,45.1273621972939
"Piacenza",2035,48.4150068739845
"Ravenna",2035,51.393499011093
"Reggio nell'Emilia",2035,45.5007810513314
"Rimini",2035,49.4731202854669
"Bologna",2036,48.3012743391224
"Ferrara",2036,57.2216199955395
"Forlì-Cesena",2036,50.6273597016622
"Modena",2036,47.8679373289683
"Parma",2036,46.1970257531299
"Piacenza",2036,49.375824853883
"Ravenna",2036,52.6680544713332
"Reggio nell'Emilia",2036,46.8145262245129
"Rimini",2036,50.8572118286059
"Bologna",2037,49.5000601574225
"Ferrara",2037,58.2771817948597
"Forlì-Cesena",2037,51.8762681790011
"Modena",2037,49.1655386027303
"Parma",2037,47.2858385398799
"Piacenza",2037,50.3846905799685
"Ravenna",2037,53.9536206519361
"Reggio nell'Emilia",2037,48.2224194572339
"Rimini",2037,52.3139951715561
"Bologna",2038,50.6261420062351
"Ferrara",2038,59.4584444162329
"Forlì-Cesena",2038,53.1354604525336
"Modena",2038,50.4429791503863
"Parma",2038,48.418877287871
"Piacenza",2038,51.3392211638008
"Ravenna",2038,55.327807283428
"Reggio nell'Emilia",2038,49.7316230268688
"Rimini",2038,53.7213895551867
"Bologna",2039,51.8219929055143
"Ferrara",2039,60.559805953882
"Forlì-Cesena",2039,54.4390071136412
"Modena",2039,51.7944352450031
"Parma",2039,49.5500990237832
"Piacenza",2039,52.3354262072818
"Ravenna",2039,56.6604956170678
"Reggio nell'Emilia",2039,51.2096457095403
"Rimini",2039,55.1899049230922
"Bologna",2040,52.9732777380181
"Ferrara",2040,61.7516025035236
"Forlì-Cesena",2040,55.886639322803
"Modena",2040,53.1676550880166
"Parma",2040,50.7333613246725
"Piacenza",2040,53.4643074902678
"Ravenna",2040,58.0478286927094
"Reggio nell'Emilia",2040,52.7381883629379
"Rimini",2040,56.7190095123056
"Bologna",2041,54.0297104877664
"Ferrara",2041,62.6464867692006
"Forlì-Cesena",2041,57.1241801294185
"Modena",2041,54.3642341064457
"Parma",2041,51.8616747439243
"Piacenza",2041,54.3568268947213
"Ravenna",2041,59.3115963451296
"Reggio nell'Emilia",2041,54.1050407485663
"Rimini",2041,58.0694352666091
"Bologna",2042,54.9370465669046
"Ferrara",2042,63.4351312754037
"Forlì-Cesena",2042,58.1240355451498
"Modena",2042,55.3333206008461
"Parma",2042,52.7689574220617
"Piacenza",2042,55.055913430483
"Ravenna",2042,60.2589417839128
"Reggio nell'Emilia",2042,55.3639070798324
"Rimini",2042,59.2519846560955
"Bologna",2043,55.6771047143631
"Ferrara",2043,63.9792764449261
"Forlì-Cesena",2043,58.970926211036
"Modena",2043,56.1769048848125
"Parma",2043,53.5393918550999
"Piacenza",2043,55.541151284491
"Ravenna",2043,61.1167484594664
"Reggio nell'Emilia",2043,56.4166285676964
"Rimini",2043,60.2614264227789
"Bologna",2044,56.315055440341
"Ferrara",2044,64.2993324328681
"Forlì-Cesena",2044,59.6796051155486
"Modena",2044,56.8433722733731
"Parma",2044,54.2094345117185
"Piacenza",2044,55.9923629963307
"Ravenna",2044,61.7056786414653
"Reggio nell'Emilia",2044,57.3197557615354
"Rimini",2044,61.0413187887868
"Bologna",2045,56.775975979948
"Ferrara",2045,64.3377902728272
"Forlì-Cesena",2045,60.1456164142859
"Modena",2045,57.2921809504448
"Parma",2045,54.7290477014478
"Piacenza",2045,56.2180161652877
"Ravenna",2045,62.0530812038192
"Reggio nell'Emilia",2045,57.9167547848155
"Rimini",2045,61.623297843412
"Bologna",2046,57.1434017303676
"Ferrara",2046,64.1471990698038
"Forlì-Cesena",2046,60.405183163754
"Modena",2046,57.6644036612628
"Parma",2046,55.0996156957929
"Piacenza",2046,56.3209721349256
"Ravenna",2046,62.2596871733612
"Reggio nell'Emilia",2046,58.4205704878421
"Rimini",2046,61.9916415528231
"Bologna",2047,57.3869957524816
"Ferrara",2047,63.8369814700778
"Forlì-Cesena",2047,60.6148591721551
"Modena",2047,57.8835484663412
"Parma",2047,55.3792729245795
"Piacenza",2047,56.3445176752546
"Ravenna",2047,62.237706680126
"Reggio nell'Emilia",2047,58.7389019508589
"Rimini",2047,62.3090260393885
"Bologna",2048,57.6168404660975
"Ferrara",2048,63.4679294981366
"Forlì-Cesena",2048,60.6991318711739
"Modena",2048,58.0605227630508
"Parma",2048,55.7097188091251
"Piacenza",2048,56.3508675130892
"Ravenna",2048,62.2651227472152
"Reggio nell'Emilia",2048,59.049503097703
"Rimini",2048,62.5925612491008
"Bologna",2049,57.8172895973384
"Ferrara",2049,63.0932878526065
"Forlì-Cesena",2049,60.6262945601221
"Modena",2049,58.167608782669
"Parma",2049,55.9418322267759
"Piacenza",2049,56.2207945677146
"Ravenna",2049,62.1064717184498
"Reggio nell'Emilia",2049,59.2092920413277
"Rimini",2049,62.6907698671107
"Bologna",2050,57.9539648775992
"Ferrara",2050,62.5882484987934
"Forlì-Cesena",2050,60.4850512230817
"Modena",2050,58.2047315674875
"Parma",2050,56.0919055649241
"Piacenza",2050,56.153315124411
"Ravenna",2050,61.8050511062476
"Reggio nell'Emilia",2050,59.2888294997096
"Rimini",2050,62.7008757758694
"Emilia-Romagna",2024,38.9831922836414
"Emilia-Romagna",2025,39.4004552340238
"Emilia-Romagna",2026,39.8773904401095
"Emilia-Romagna",2027,40.448890669446
"Emilia-Romagna",2028,41.079828826268
"Emilia-Romagna",2029,41.8387933925625
"Emilia-Romagna",2030,42.843266448877
"Emilia-Romagna",2031,43.800657189708
"Emilia-Romagna",2032,44.8244380219285
"Emilia-Romagna",2033,45.8490836504899
"Emilia-Romagna",2034,46.9542236006038
"Emilia-Romagna",2035,48.1291447389193
"Emilia-Romagna",2036,49.2916065982203
"Emilia-Romagna",2037,50.5261622370708
"Emilia-Romagna",2038,51.7666903178353
"Emilia-Romagna",2039,53.0336602435315
"Emilia-Romagna",2040,54.3411335864166
"Emilia-Romagna",2041,55.4954652436875
"Emilia-Romagna",2042,56.4621029396941
"Emilia-Romagna",2043,57.2656072924745
"Emilia-Romagna",2044,57.9195405281772
"Emilia-Romagna",2045,58.354867297915
"Emilia-Romagna",2046,58.6600081153044
"Emilia-Romagna",2047,58.8391674166292
"Emilia-Romagna",2048,58.9986746277724
"Emilia-Romagna",2049,59.0598390789006
"Emilia-Romagna",2050,59.0474152989806
"Italia",2024,38.3580445849065
"Italia",2025,39.0716332952347
"Italia",2026,39.845415058927
"Italia",2027,40.7113446433006
"Italia",2028,41.6358991770106
"Italia",2029,42.6916975352303
"Italia",2030,43.9820047528104
"Italia",2031,45.2404411653235
"Italia",2032,46.5257557478717
"Italia",2033,47.798857310909
"Italia",2034,49.09235148684
"Italia",2035,50.4568766994889
"Italia",2036,51.7562951544071
"Italia",2037,53.1201585528946
"Italia",2038,54.4779031299342
"Italia",2039,55.8429163064077
"Italia",2040,57.2751080638899
"Italia",2041,58.5604005887585
"Italia",2042,59.6640599131915
"Italia",2043,60.6034623913688
"Italia",2044,61.4178146895248
"Italia",2045,62.0276968261878
"Italia",2046,62.5156497286921
"Italia",2047,62.900469893841
"Italia",2048,63.252273276692
"Italia",2049,63.4665210653143
"Italia",2050,63.6035395871663
