cod_indicatore,indicatore_breve,indicatore,eta,sesso,anno,valore,poco_signif,unita_misura,fonte
05REL002,amici,Soddisfazione per le relazioni amicali,14-19,Femmine,2005,39.3,FALSE,Valori percentuali,Istat - Indagine multiscopo sugli aspetti della vita quotidiana
05REL002,amici,Soddisfazione per le relazioni amicali,14-19,Femmine,2006,43.6,FALSE,Valori percentuali,Istat - Indagine multiscopo sugli aspetti della vita quotidiana
05REL002,amici,Soddisfazione per le relazioni amicali,14-19,Femmine,2007,44.2,FALSE,Valori percentuali,Istat - Indagine multiscopo sugli aspetti della vita quotidiana
05REL002,amici,Soddisfazione per le relazioni amicali,14-19,Femmine,2008,43.8,FALSE,Valori percentuali,Istat - Indagine multiscopo sugli aspetti della vita quotidiana
05REL002,amici,Soddisfazione per le relazioni amicali,14-19,Femmine,2009,44.6,FALSE,Valori percentuali,Istat - Indagine multiscopo sugli aspetti della vita quotidiana
05REL002,amici,Soddisfazione per le relazioni amicali,14-19,Femmine,2010,46.4,FALSE,Valori percentuali,Istat - Indagine multiscopo sugli aspetti della vita quotidiana
05REL002,amici,Soddisfazione per le relazioni amicali,14-19,Femmine,2011,42.1,FALSE,Valori percentuali,Istat - Indagine multiscopo sugli aspetti della vita quotidiana
05REL002,amici,Soddisfazione per le relazioni amicali,14-19,Femmine,2012,47.2,FALSE,Valori percentuali,Istat - Indagine multiscopo sugli aspetti della vita quotidiana
05REL002,amici,Soddisfazione per le relazioni amicali,14-19,Femmine,2013,44.9,FALSE,Valori percentuali,Istat - Indagine multiscopo sugli aspetti della vita quotidiana
05REL002,amici,Soddisfazione per le relazioni amicali,14-19,Femmine,2014,42.6,FALSE,Valori percentuali,Istat - Indagine multiscopo sugli aspetti della vita quotidiana
05REL002,amici,Soddisfazione per le relazioni amicali,14-19,Femmine,2015,43.8,FALSE,Valori percentuali,Istat - Indagine multiscopo sugli aspetti della vita quotidiana
05REL002,amici,Soddisfazione per le relazioni amicali,14-19,Femmine,2016,43.6,FALSE,Valori percentuali,Istat - Indagine multiscopo sugli aspetti della vita quotidiana
05REL002,amici,Soddisfazione per le relazioni amicali,14-19,Femmine,2017,42,FALSE,Valori percentuali,Istat - Indagine multiscopo sugli aspetti della vita quotidiana
05REL002,amici,Soddisfazione per le relazioni amicali,14-19,Femmine,2018,37.4,FALSE,Valori percentuali,Istat - Indagine multiscopo sugli aspetti della vita quotidiana
05REL002,amici,Soddisfazione per le relazioni amicali,14-19,Femmine,2019,37.6,FALSE,Valori percentuali,Istat - Indagine multiscopo sugli aspetti della vita quotidiana
05REL002,amici,Soddisfazione per le relazioni amicali,14-19,Femmine,2020,38.7,FALSE,Valori percentuali,Istat - Indagine multiscopo sugli aspetti della vita quotidiana
05REL002,amici,Soddisfazione per le relazioni amicali,14-19,Femmine,2021,34.3,FALSE,Valori percentuali,Istat - Indagine multiscopo sugli aspetti della vita quotidiana
05REL002,amici,Soddisfazione per le relazioni amicali,14-19,Femmine,2022,37.1,FALSE,Valori percentuali,Istat - Indagine multiscopo sugli aspetti della vita quotidiana
05REL002,amici,Soddisfazione per le relazioni amicali,14-19,Femmine,2023,35.8,FALSE,Valori percentuali,Istat - Indagine multiscopo sugli aspetti della vita quotidiana
05REL002,amici,Soddisfazione per le relazioni amicali,14-19,Femmine,2024,37.6,FALSE,Valori percentuali,Istat - Indagine multiscopo sugli aspetti della vita quotidiana
05REL002,amici,Soddisfazione per le relazioni amicali,14-19,Femmine,2025,37.3,FALSE,Valori percentuali,Istat - Indagine multiscopo sugli aspetti della vita quotidiana
05REL002,amici,Soddisfazione per le relazioni amicali,14-19,Maschi,2005,45,FALSE,Valori percentuali,Istat - Indagine multiscopo sugli aspetti della vita quotidiana
05REL002,amici,Soddisfazione per le relazioni amicali,14-19,Maschi,2006,45.9,FALSE,Valori percentuali,Istat - Indagine multiscopo sugli aspetti della vita quotidiana
05REL002,amici,Soddisfazione per le relazioni amicali,14-19,Maschi,2007,47.2,FALSE,Valori percentuali,Istat - Indagine multiscopo sugli aspetti della vita quotidiana
05REL002,amici,Soddisfazione per le relazioni amicali,14-19,Maschi,2008,43.7,FALSE,Valori percentuali,Istat - Indagine multiscopo sugli aspetti della vita quotidiana
05REL002,amici,Soddisfazione per le relazioni amicali,14-19,Maschi,2009,49.2,FALSE,Valori percentuali,Istat - Indagine multiscopo sugli aspetti della vita quotidiana
05REL002,amici,Soddisfazione per le relazioni amicali,14-19,Maschi,2010,45.6,FALSE,Valori percentuali,Istat - Indagine multiscopo sugli aspetti della vita quotidiana
05REL002,amici,Soddisfazione per le relazioni amicali,14-19,Maschi,2011,46.9,FALSE,Valori percentuali,Istat - Indagine multiscopo sugli aspetti della vita quotidiana
05REL002,amici,Soddisfazione per le relazioni amicali,14-19,Maschi,2012,48.6,FALSE,Valori percentuali,Istat - Indagine multiscopo sugli aspetti della vita quotidiana
05REL002,amici,Soddisfazione per le relazioni amicali,14-19,Maschi,2013,43.3,FALSE,Valori percentuali,Istat - Indagine multiscopo sugli aspetti della vita quotidiana
05REL002,amici,Soddisfazione per le relazioni amicali,14-19,Maschi,2014,43.1,FALSE,Valori percentuali,Istat - Indagine multiscopo sugli aspetti della vita quotidiana
05REL002,amici,Soddisfazione per le relazioni amicali,14-19,Maschi,2015,41.6,FALSE,Valori percentuali,Istat - Indagine multiscopo sugli aspetti della vita quotidiana
05REL002,amici,Soddisfazione per le relazioni amicali,14-19,Maschi,2016,44.8,FALSE,Valori percentuali,Istat - Indagine multiscopo sugli aspetti della vita quotidiana
05REL002,amici,Soddisfazione per le relazioni amicali,14-19,Maschi,2017,43.2,FALSE,Valori percentuali,Istat - Indagine multiscopo sugli aspetti della vita quotidiana
05REL002,amici,Soddisfazione per le relazioni amicali,14-19,Maschi,2018,45.8,FALSE,Valori percentuali,Istat - Indagine multiscopo sugli aspetti della vita quotidiana
05REL002,amici,Soddisfazione per le relazioni amicali,14-19,Maschi,2019,44,FALSE,Valori percentuali,Istat - Indagine multiscopo sugli aspetti della vita quotidiana
05REL002,amici,Soddisfazione per le relazioni amicali,14-19,Maschi,2020,42.9,FALSE,Valori percentuali,Istat - Indagine multiscopo sugli aspetti della vita quotidiana
05REL002,amici,Soddisfazione per le relazioni amicali,14-19,Maschi,2021,34.6,FALSE,Valori percentuali,Istat - Indagine multiscopo sugli aspetti della vita quotidiana
05REL002,amici,Soddisfazione per le relazioni amicali,14-19,Maschi,2022,41.9,FALSE,Valori percentuali,Istat - Indagine multiscopo sugli aspetti della vita quotidiana
05REL002,amici,Soddisfazione per le relazioni amicali,14-19,Maschi,2023,41.2,FALSE,Valori percentuali,Istat - Indagine multiscopo sugli aspetti della vita quotidiana
05REL002,amici,Soddisfazione per le relazioni amicali,14-19,Maschi,2024,42.8,FALSE,Valori percentuali,Istat - Indagine multiscopo sugli aspetti della vita quotidiana
05REL002,amici,Soddisfazione per le relazioni amicali,14-19,Maschi,2025,43.8,FALSE,Valori percentuali,Istat - Indagine multiscopo sugli aspetti della vita quotidiana
05REL002,amici,Soddisfazione per le relazioni amicali,14-19,Totale,2005,42.3,FALSE,Valori percentuali,Istat - Indagine multiscopo sugli aspetti della vita quotidiana
05REL002,amici,Soddisfazione per le relazioni amicali,14-19,Totale,2006,44.7,FALSE,Valori percentuali,Istat - Indagine multiscopo sugli aspetti della vita quotidiana
05REL002,amici,Soddisfazione per le relazioni amicali,14-19,Totale,2007,45.8,FALSE,Valori percentuali,Istat - Indagine multiscopo sugli aspetti della vita quotidiana
05REL002,amici,Soddisfazione per le relazioni amicali,14-19,Totale,2008,43.8,FALSE,Valori percentuali,Istat - Indagine multiscopo sugli aspetti della vita quotidiana
05REL002,amici,Soddisfazione per le relazioni amicali,14-19,Totale,2009,47,FALSE,Valori percentuali,Istat - Indagine multiscopo sugli aspetti della vita quotidiana
05REL002,amici,Soddisfazione per le relazioni amicali,14-19,Totale,2010,46,FALSE,Valori percentuali,Istat - Indagine multiscopo sugli aspetti della vita quotidiana
05REL002,amici,Soddisfazione per le relazioni amicali,14-19,Totale,2011,44.6,FALSE,Valori percentuali,Istat - Indagine multiscopo sugli aspetti della vita quotidiana
05REL002,amici,Soddisfazione per le relazioni amicali,14-19,Totale,2012,47.9,FALSE,Valori percentuali,Istat - Indagine multiscopo sugli aspetti della vita quotidiana
05REL002,amici,Soddisfazione per le relazioni amicali,14-19,Totale,2013,44,FALSE,Valori percentuali,Istat - Indagine multiscopo sugli aspetti della vita quotidiana
05REL002,amici,Soddisfazione per le relazioni amicali,14-19,Totale,2014,42.9,FALSE,Valori percentuali,Istat - Indagine multiscopo sugli aspetti della vita quotidiana
05REL002,amici,Soddisfazione per le relazioni amicali,14-19,Totale,2015,42.7,FALSE,Valori percentuali,Istat - Indagine multiscopo sugli aspetti della vita quotidiana
05REL002,amici,Soddisfazione per le relazioni amicali,14-19,Totale,2016,44.2,FALSE,Valori percentuali,Istat - Indagine multiscopo sugli aspetti della vita quotidiana
05REL002,amici,Soddisfazione per le relazioni amicali,14-19,Totale,2017,42.6,FALSE,Valori percentuali,Istat - Indagine multiscopo sugli aspetti della vita quotidiana
05REL002,amici,Soddisfazione per le relazioni amicali,14-19,Totale,2018,41.6,FALSE,Valori percentuali,Istat - Indagine multiscopo sugli aspetti della vita quotidiana
05REL002,amici,Soddisfazione per le relazioni amicali,14-19,Totale,2019,41,FALSE,Valori percentuali,Istat - Indagine multiscopo sugli aspetti della vita quotidiana
05REL002,amici,Soddisfazione per le relazioni amicali,14-19,Totale,2020,40.8,FALSE,Valori percentuali,Istat - Indagine multiscopo sugli aspetti della vita quotidiana
05REL002,amici,Soddisfazione per le relazioni amicali,14-19,Totale,2021,34.5,FALSE,Valori percentuali,Istat - Indagine multiscopo sugli aspetti della vita quotidiana
05REL002,amici,Soddisfazione per le relazioni amicali,14-19,Totale,2022,39.5,FALSE,Valori percentuali,Istat - Indagine multiscopo sugli aspetti della vita quotidiana
05REL002,amici,Soddisfazione per le relazioni amicali,14-19,Totale,2023,38.6,FALSE,Valori percentuali,Istat - Indagine multiscopo sugli aspetti della vita quotidiana
05REL002,amici,Soddisfazione per le relazioni amicali,14-19,Totale,2024,40.3,FALSE,Valori percentuali,Istat - Indagine multiscopo sugli aspetti della vita quotidiana
05REL002,amici,Soddisfazione per le relazioni amicali,14-19,Totale,2025,40.5,FALSE,Valori percentuali,Istat - Indagine multiscopo sugli aspetti della vita quotidiana
05REL002,amici,Soddisfazione per le relazioni amicali,20-24,Femmine,2005,32.3,FALSE,Valori percentuali,Istat - Indagine multiscopo sugli aspetti della vita quotidiana
05REL002,amici,Soddisfazione per le relazioni amicali,20-24,Femmine,2006,30.2,FALSE,Valori percentuali,Istat - Indagine multiscopo sugli aspetti della vita quotidiana
05REL002,amici,Soddisfazione per le relazioni amicali,20-24,Femmine,2007,34.3,FALSE,Valori percentuali,Istat - Indagine multiscopo sugli aspetti della vita quotidiana
05REL002,amici,Soddisfazione per le relazioni amicali,20-24,Femmine,2008,34.6,FALSE,Valori percentuali,Istat - Indagine multiscopo sugli aspetti della vita quotidiana
05REL002,amici,Soddisfazione per le relazioni amicali,20-24,Femmine,2009,33.4,FALSE,Valori percentuali,Istat - Indagine multiscopo sugli aspetti della vita quotidiana
05REL002,amici,Soddisfazione per le relazioni amicali,20-24,Femmine,2010,38,FALSE,Valori percentuali,Istat - Indagine multiscopo sugli aspetti della vita quotidiana
05REL002,amici,Soddisfazione per le relazioni amicali,20-24,Femmine,2011,35.9,FALSE,Valori percentuali,Istat - Indagine multiscopo sugli aspetti della vita quotidiana
05REL002,amici,Soddisfazione per le relazioni amicali,20-24,Femmine,2012,36.4,FALSE,Valori percentuali,Istat - Indagine multiscopo sugli aspetti della vita quotidiana
05REL002,amici,Soddisfazione per le relazioni amicali,20-24,Femmine,2013,33.2,FALSE,Valori percentuali,Istat - Indagine multiscopo sugli aspetti della vita quotidiana
05REL002,amici,Soddisfazione per le relazioni amicali,20-24,Femmine,2014,31.8,FALSE,Valori percentuali,Istat - Indagine multiscopo sugli aspetti della vita quotidiana
05REL002,amici,Soddisfazione per le relazioni amicali,20-24,Femmine,2015,34.8,FALSE,Valori percentuali,Istat - Indagine multiscopo sugli aspetti della vita quotidiana
05REL002,amici,Soddisfazione per le relazioni amicali,20-24,Femmine,2016,34.1,FALSE,Valori percentuali,Istat - Indagine multiscopo sugli aspetti della vita quotidiana
05REL002,amici,Soddisfazione per le relazioni amicali,20-24,Femmine,2017,30.1,FALSE,Valori percentuali,Istat - Indagine multiscopo sugli aspetti della vita quotidiana
05REL002,amici,Soddisfazione per le relazioni amicali,20-24,Femmine,2018,35.8,FALSE,Valori percentuali,Istat - Indagine multiscopo sugli aspetti della vita quotidiana
05REL002,amici,Soddisfazione per le relazioni amicali,20-24,Femmine,2019,30.8,FALSE,Valori percentuali,Istat - Indagine multiscopo sugli aspetti della vita quotidiana
05REL002,amici,Soddisfazione per le relazioni amicali,20-24,Femmine,2020,36.3,FALSE,Valori percentuali,Istat - Indagine multiscopo sugli aspetti della vita quotidiana
05REL002,amici,Soddisfazione per le relazioni amicali,20-24,Femmine,2021,27,FALSE,Valori percentuali,Istat - Indagine multiscopo sugli aspetti della vita quotidiana
05REL002,amici,Soddisfazione per le relazioni amicali,20-24,Femmine,2022,32.6,FALSE,Valori percentuali,Istat - Indagine multiscopo sugli aspetti della vita quotidiana
05REL002,amici,Soddisfazione per le relazioni amicali,20-24,Femmine,2023,30.6,FALSE,Valori percentuali,Istat - Indagine multiscopo sugli aspetti della vita quotidiana
05REL002,amici,Soddisfazione per le relazioni amicali,20-24,Femmine,2024,31.6,FALSE,Valori percentuali,Istat - Indagine multiscopo sugli aspetti della vita quotidiana
05REL002,amici,Soddisfazione per le relazioni amicali,20-24,Femmine,2025,32.4,FALSE,Valori percentuali,Istat - Indagine multiscopo sugli aspetti della vita quotidiana
05REL002,amici,Soddisfazione per le relazioni amicali,20-24,Maschi,2005,35.8,FALSE,Valori percentuali,Istat - Indagine multiscopo sugli aspetti della vita quotidiana
05REL002,amici,Soddisfazione per le relazioni amicali,20-24,Maschi,2006,32.7,FALSE,Valori percentuali,Istat - Indagine multiscopo sugli aspetti della vita quotidiana
05REL002,amici,Soddisfazione per le relazioni amicali,20-24,Maschi,2007,33.4,FALSE,Valori percentuali,Istat - Indagine multiscopo sugli aspetti della vita quotidiana
05REL002,amici,Soddisfazione per le relazioni amicali,20-24,Maschi,2008,38.2,FALSE,Valori percentuali,Istat - Indagine multiscopo sugli aspetti della vita quotidiana
05REL002,amici,Soddisfazione per le relazioni amicali,20-24,Maschi,2009,39.6,FALSE,Valori percentuali,Istat - Indagine multiscopo sugli aspetti della vita quotidiana
05REL002,amici,Soddisfazione per le relazioni amicali,20-24,Maschi,2010,39.3,FALSE,Valori percentuali,Istat - Indagine multiscopo sugli aspetti della vita quotidiana
05REL002,amici,Soddisfazione per le relazioni amicali,20-24,Maschi,2011,35.2,FALSE,Valori percentuali,Istat - Indagine multiscopo sugli aspetti della vita quotidiana
05REL002,amici,Soddisfazione per le relazioni amicali,20-24,Maschi,2012,38.8,FALSE,Valori percentuali,Istat - Indagine multiscopo sugli aspetti della vita quotidiana
05REL002,amici,Soddisfazione per le relazioni amicali,20-24,Maschi,2013,34.7,FALSE,Valori percentuali,Istat - Indagine multiscopo sugli aspetti della vita quotidiana
05REL002,amici,Soddisfazione per le relazioni amicali,20-24,Maschi,2014,37.6,FALSE,Valori percentuali,Istat - Indagine multiscopo sugli aspetti della vita quotidiana
05REL002,amici,Soddisfazione per le relazioni amicali,20-24,Maschi,2015,39,FALSE,Valori percentuali,Istat - Indagine multiscopo sugli aspetti della vita quotidiana
05REL002,amici,Soddisfazione per le relazioni amicali,20-24,Maschi,2016,37.9,FALSE,Valori percentuali,Istat - Indagine multiscopo sugli aspetti della vita quotidiana
05REL002,amici,Soddisfazione per le relazioni amicali,20-24,Maschi,2017,36,FALSE,Valori percentuali,Istat - Indagine multiscopo sugli aspetti della vita quotidiana
05REL002,amici,Soddisfazione per le relazioni amicali,20-24,Maschi,2018,35.5,FALSE,Valori percentuali,Istat - Indagine multiscopo sugli aspetti della vita quotidiana
05REL002,amici,Soddisfazione per le relazioni amicali,20-24,Maschi,2019,35.1,FALSE,Valori percentuali,Istat - Indagine multiscopo sugli aspetti della vita quotidiana
05REL002,amici,Soddisfazione per le relazioni amicali,20-24,Maschi,2020,35.3,FALSE,Valori percentuali,Istat - Indagine multiscopo sugli aspetti della vita quotidiana
05REL002,amici,Soddisfazione per le relazioni amicali,20-24,Maschi,2021,29.7,FALSE,Valori percentuali,Istat - Indagine multiscopo sugli aspetti della vita quotidiana
05REL002,amici,Soddisfazione per le relazioni amicali,20-24,Maschi,2022,36.5,FALSE,Valori percentuali,Istat - Indagine multiscopo sugli aspetti della vita quotidiana
05REL002,amici,Soddisfazione per le relazioni amicali,20-24,Maschi,2023,35.3,FALSE,Valori percentuali,Istat - Indagine multiscopo sugli aspetti della vita quotidiana
05REL002,amici,Soddisfazione per le relazioni amicali,20-24,Maschi,2024,36.3,FALSE,Valori percentuali,Istat - Indagine multiscopo sugli aspetti della vita quotidiana
05REL002,amici,Soddisfazione per le relazioni amicali,20-24,Maschi,2025,37.4,FALSE,Valori percentuali,Istat - Indagine multiscopo sugli aspetti della vita quotidiana
05REL002,amici,Soddisfazione per le relazioni amicali,20-24,Totale,2005,34,FALSE,Valori percentuali,Istat - Indagine multiscopo sugli aspetti della vita quotidiana
05REL002,amici,Soddisfazione per le relazioni amicali,20-24,Totale,2006,31.5,FALSE,Valori percentuali,Istat - Indagine multiscopo sugli aspetti della vita quotidiana
05REL002,amici,Soddisfazione per le relazioni amicali,20-24,Totale,2007,33.9,FALSE,Valori percentuali,Istat - Indagine multiscopo sugli aspetti della vita quotidiana
05REL002,amici,Soddisfazione per le relazioni amicali,20-24,Totale,2008,36.5,FALSE,Valori percentuali,Istat - Indagine multiscopo sugli aspetti della vita quotidiana
05REL002,amici,Soddisfazione per le relazioni amicali,20-24,Totale,2009,36.6,FALSE,Valori percentuali,Istat - Indagine multiscopo sugli aspetti della vita quotidiana
05REL002,amici,Soddisfazione per le relazioni amicali,20-24,Totale,2010,38.7,FALSE,Valori percentuali,Istat - Indagine multiscopo sugli aspetti della vita quotidiana
05REL002,amici,Soddisfazione per le relazioni amicali,20-24,Totale,2011,35.5,FALSE,Valori percentuali,Istat - Indagine multiscopo sugli aspetti della vita quotidiana
05REL002,amici,Soddisfazione per le relazioni amicali,20-24,Totale,2012,37.7,FALSE,Valori percentuali,Istat - Indagine multiscopo sugli aspetti della vita quotidiana
05REL002,amici,Soddisfazione per le relazioni amicali,20-24,Totale,2013,33.9,FALSE,Valori percentuali,Istat - Indagine multiscopo sugli aspetti della vita quotidiana
05REL002,amici,Soddisfazione per le relazioni amicali,20-24,Totale,2014,34.8,FALSE,Valori percentuali,Istat - Indagine multiscopo sugli aspetti della vita quotidiana
05REL002,amici,Soddisfazione per le relazioni amicali,20-24,Totale,2015,37,FALSE,Valori percentuali,Istat - Indagine multiscopo sugli aspetti della vita quotidiana
05REL002,amici,Soddisfazione per le relazioni amicali,20-24,Totale,2016,36.1,FALSE,Valori percentuali,Istat - Indagine multiscopo sugli aspetti della vita quotidiana
05REL002,amici,Soddisfazione per le relazioni amicali,20-24,Totale,2017,33.1,FALSE,Valori percentuali,Istat - Indagine multiscopo sugli aspetti della vita quotidiana
05REL002,amici,Soddisfazione per le relazioni amicali,20-24,Totale,2018,35.6,FALSE,Valori percentuali,Istat - Indagine multiscopo sugli aspetti della vita quotidiana
05REL002,amici,Soddisfazione per le relazioni amicali,20-24,Totale,2019,33,FALSE,Valori percentuali,Istat - Indagine multiscopo sugli aspetti della vita quotidiana
05REL002,amici,Soddisfazione per le relazioni amicali,20-24,Totale,2020,35.8,FALSE,Valori percentuali,Istat - Indagine multiscopo sugli aspetti della vita quotidiana
05REL002,amici,Soddisfazione per le relazioni amicali,20-24,Totale,2021,28.5,FALSE,Valori percentuali,Istat - Indagine multiscopo sugli aspetti della vita quotidiana
05REL002,amici,Soddisfazione per le relazioni amicali,20-24,Totale,2022,34.7,FALSE,Valori percentuali,Istat - Indagine multiscopo sugli aspetti della vita quotidiana
05REL002,amici,Soddisfazione per le relazioni amicali,20-24,Totale,2023,33,FALSE,Valori percentuali,Istat - Indagine multiscopo sugli aspetti della vita quotidiana
05REL002,amici,Soddisfazione per le relazioni amicali,20-24,Totale,2024,34.1,FALSE,Valori percentuali,Istat - Indagine multiscopo sugli aspetti della vita quotidiana
05REL002,amici,Soddisfazione per le relazioni amicali,20-24,Totale,2025,35.1,FALSE,Valori percentuali,Istat - Indagine multiscopo sugli aspetti della vita quotidiana
05REL002,amici,Soddisfazione per le relazioni amicali,Totale,Femmine,2005,23.8,FALSE,Valori percentuali,Istat - Indagine multiscopo sugli aspetti della vita quotidiana
05REL002,amici,Soddisfazione per le relazioni amicali,Totale,Femmine,2006,22.6,FALSE,Valori percentuali,Istat - Indagine multiscopo sugli aspetti della vita quotidiana
05REL002,amici,Soddisfazione per le relazioni amicali,Totale,Femmine,2007,23,FALSE,Valori percentuali,Istat - Indagine multiscopo sugli aspetti della vita quotidiana
05REL002,amici,Soddisfazione per le relazioni amicali,Totale,Femmine,2008,24.8,FALSE,Valori percentuali,Istat - Indagine multiscopo sugli aspetti della vita quotidiana
05REL002,amici,Soddisfazione per le relazioni amicali,Totale,Femmine,2009,24.5,FALSE,Valori percentuali,Istat - Indagine multiscopo sugli aspetti della vita quotidiana
05REL002,amici,Soddisfazione per le relazioni amicali,Totale,Femmine,2010,24.3,FALSE,Valori percentuali,Istat - Indagine multiscopo sugli aspetti della vita quotidiana
05REL002,amici,Soddisfazione per le relazioni amicali,Totale,Femmine,2011,23.8,FALSE,Valori percentuali,Istat - Indagine multiscopo sugli aspetti della vita quotidiana
05REL002,amici,Soddisfazione per le relazioni amicali,Totale,Femmine,2012,25.5,FALSE,Valori percentuali,Istat - Indagine multiscopo sugli aspetti della vita quotidiana
05REL002,amici,Soddisfazione per le relazioni amicali,Totale,Femmine,2013,23.1,FALSE,Valori percentuali,Istat - Indagine multiscopo sugli aspetti della vita quotidiana
05REL002,amici,Soddisfazione per le relazioni amicali,Totale,Femmine,2014,23.2,FALSE,Valori percentuali,Istat - Indagine multiscopo sugli aspetti della vita quotidiana
05REL002,amici,Soddisfazione per le relazioni amicali,Totale,Femmine,2015,24.2,FALSE,Valori percentuali,Istat - Indagine multiscopo sugli aspetti della vita quotidiana
05REL002,amici,Soddisfazione per le relazioni amicali,Totale,Femmine,2016,23,FALSE,Valori percentuali,Istat - Indagine multiscopo sugli aspetti della vita quotidiana
05REL002,amici,Soddisfazione per le relazioni amicali,Totale,Femmine,2017,22.4,FALSE,Valori percentuali,Istat - Indagine multiscopo sugli aspetti della vita quotidiana
05REL002,amici,Soddisfazione per le relazioni amicali,Totale,Femmine,2018,22.8,FALSE,Valori percentuali,Istat - Indagine multiscopo sugli aspetti della vita quotidiana
05REL002,amici,Soddisfazione per le relazioni amicali,Totale,Femmine,2019,22,FALSE,Valori percentuali,Istat - Indagine multiscopo sugli aspetti della vita quotidiana
05REL002,amici,Soddisfazione per le relazioni amicali,Totale,Femmine,2020,21.9,FALSE,Valori percentuali,Istat - Indagine multiscopo sugli aspetti della vita quotidiana
05REL002,amici,Soddisfazione per le relazioni amicali,Totale,Femmine,2021,18,FALSE,Valori percentuali,Istat - Indagine multiscopo sugli aspetti della vita quotidiana
05REL002,amici,Soddisfazione per le relazioni amicali,Totale,Femmine,2022,20.5,FALSE,Valori percentuali,Istat - Indagine multiscopo sugli aspetti della vita quotidiana
05REL002,amici,Soddisfazione per le relazioni amicali,Totale,Femmine,2023,21.8,FALSE,Valori percentuali,Istat - Indagine multiscopo sugli aspetti della vita quotidiana
05REL002,amici,Soddisfazione per le relazioni amicali,Totale,Femmine,2024,21.8,FALSE,Valori percentuali,Istat - Indagine multiscopo sugli aspetti della vita quotidiana
05REL002,amici,Soddisfazione per le relazioni amicali,Totale,Femmine,2025,22.9,FALSE,Valori percentuali,Istat - Indagine multiscopo sugli aspetti della vita quotidiana
05REL002,amici,Soddisfazione per le relazioni amicali,Totale,Maschi,2005,25.9,FALSE,Valori percentuali,Istat - Indagine multiscopo sugli aspetti della vita quotidiana
05REL002,amici,Soddisfazione per le relazioni amicali,Totale,Maschi,2006,24.3,FALSE,Valori percentuali,Istat - Indagine multiscopo sugli aspetti della vita quotidiana
05REL002,amici,Soddisfazione per le relazioni amicali,Totale,Maschi,2007,24.7,FALSE,Valori percentuali,Istat - Indagine multiscopo sugli aspetti della vita quotidiana
05REL002,amici,Soddisfazione per le relazioni amicali,Totale,Maschi,2008,26.8,FALSE,Valori percentuali,Istat - Indagine multiscopo sugli aspetti della vita quotidiana
05REL002,amici,Soddisfazione per le relazioni amicali,Totale,Maschi,2009,26.6,FALSE,Valori percentuali,Istat - Indagine multiscopo sugli aspetti della vita quotidiana
05REL002,amici,Soddisfazione per le relazioni amicali,Totale,Maschi,2010,26.5,FALSE,Valori percentuali,Istat - Indagine multiscopo sugli aspetti della vita quotidiana
05REL002,amici,Soddisfazione per le relazioni amicali,Totale,Maschi,2011,25.1,FALSE,Valori percentuali,Istat - Indagine multiscopo sugli aspetti della vita quotidiana
05REL002,amici,Soddisfazione per le relazioni amicali,Totale,Maschi,2012,27.9,FALSE,Valori percentuali,Istat - Indagine multiscopo sugli aspetti della vita quotidiana
05REL002,amici,Soddisfazione per le relazioni amicali,Totale,Maschi,2013,24.3,FALSE,Valori percentuali,Istat - Indagine multiscopo sugli aspetti della vita quotidiana
05REL002,amici,Soddisfazione per le relazioni amicali,Totale,Maschi,2014,24.3,FALSE,Valori percentuali,Istat - Indagine multiscopo sugli aspetti della vita quotidiana
05REL002,amici,Soddisfazione per le relazioni amicali,Totale,Maschi,2015,25.4,FALSE,Valori percentuali,Istat - Indagine multiscopo sugli aspetti della vita quotidiana
05REL002,amici,Soddisfazione per le relazioni amicali,Totale,Maschi,2016,24.3,FALSE,Valori percentuali,Istat - Indagine multiscopo sugli aspetti della vita quotidiana
05REL002,amici,Soddisfazione per le relazioni amicali,Totale,Maschi,2017,23.9,FALSE,Valori percentuali,Istat - Indagine multiscopo sugli aspetti della vita quotidiana
05REL002,amici,Soddisfazione per le relazioni amicali,Totale,Maschi,2018,23.7,FALSE,Valori percentuali,Istat - Indagine multiscopo sugli aspetti della vita quotidiana
05REL002,amici,Soddisfazione per le relazioni amicali,Totale,Maschi,2019,24.1,FALSE,Valori percentuali,Istat - Indagine multiscopo sugli aspetti della vita quotidiana
05REL002,amici,Soddisfazione per le relazioni amicali,Totale,Maschi,2020,23,FALSE,Valori percentuali,Istat - Indagine multiscopo sugli aspetti della vita quotidiana
05REL002,amici,Soddisfazione per le relazioni amicali,Totale,Maschi,2021,19.4,FALSE,Valori percentuali,Istat - Indagine multiscopo sugli aspetti della vita quotidiana
05REL002,amici,Soddisfazione per le relazioni amicali,Totale,Maschi,2022,22.7,FALSE,Valori percentuali,Istat - Indagine multiscopo sugli aspetti della vita quotidiana
05REL002,amici,Soddisfazione per le relazioni amicali,Totale,Maschi,2023,23.7,FALSE,Valori percentuali,Istat - Indagine multiscopo sugli aspetti della vita quotidiana
05REL002,amici,Soddisfazione per le relazioni amicali,Totale,Maschi,2024,23.2,FALSE,Valori percentuali,Istat - Indagine multiscopo sugli aspetti della vita quotidiana
05REL002,amici,Soddisfazione per le relazioni amicali,Totale,Maschi,2025,23.9,FALSE,Valori percentuali,Istat - Indagine multiscopo sugli aspetti della vita quotidiana
05REL002,amici,Soddisfazione per le relazioni amicali,Totale,Totale,2005,24.8,FALSE,Valori percentuali,Istat - Indagine multiscopo sugli aspetti della vita quotidiana
05REL002,amici,Soddisfazione per le relazioni amicali,Totale,Totale,2006,23.4,FALSE,Valori percentuali,Istat - Indagine multiscopo sugli aspetti della vita quotidiana
05REL002,amici,Soddisfazione per le relazioni amicali,Totale,Totale,2007,23.8,FALSE,Valori percentuali,Istat - Indagine multiscopo sugli aspetti della vita quotidiana
05REL002,amici,Soddisfazione per le relazioni amicali,Totale,Totale,2008,25.8,FALSE,Valori percentuali,Istat - Indagine multiscopo sugli aspetti della vita quotidiana
05REL002,amici,Soddisfazione per le relazioni amicali,Totale,Totale,2009,25.5,FALSE,Valori percentuali,Istat - Indagine multiscopo sugli aspetti della vita quotidiana
05REL002,amici,Soddisfazione per le relazioni amicali,Totale,Totale,2010,25.4,FALSE,Valori percentuali,Istat - Indagine multiscopo sugli aspetti della vita quotidiana
05REL002,amici,Soddisfazione per le relazioni amicali,Totale,Totale,2011,24.4,FALSE,Valori percentuali,Istat - Indagine multiscopo sugli aspetti della vita quotidiana
05REL002,amici,Soddisfazione per le relazioni amicali,Totale,Totale,2012,26.7,FALSE,Valori percentuali,Istat - Indagine multiscopo sugli aspetti della vita quotidiana
05REL002,amici,Soddisfazione per le relazioni amicali,Totale,Totale,2013,23.7,FALSE,Valori percentuali,Istat - Indagine multiscopo sugli aspetti della vita quotidiana
05REL002,amici,Soddisfazione per le relazioni amicali,Totale,Totale,2014,23.7,FALSE,Valori percentuali,Istat - Indagine multiscopo sugli aspetti della vita quotidiana
05REL002,amici,Soddisfazione per le relazioni amicali,Totale,Totale,2015,24.8,FALSE,Valori percentuali,Istat - Indagine multiscopo sugli aspetti della vita quotidiana
05REL002,amici,Soddisfazione per le relazioni amicali,Totale,Totale,2016,23.6,FALSE,Valori percentuali,Istat - Indagine multiscopo sugli aspetti della vita quotidiana
05REL002,amici,Soddisfazione per le relazioni amicali,Totale,Totale,2017,23.1,FALSE,Valori percentuali,Istat - Indagine multiscopo sugli aspetti della vita quotidiana
05REL002,amici,Soddisfazione per le relazioni amicali,Totale,Totale,2018,23.2,FALSE,Valori percentuali,Istat - Indagine multiscopo sugli aspetti della vita quotidiana
05REL002,amici,Soddisfazione per le relazioni amicali,Totale,Totale,2019,23,FALSE,Valori percentuali,Istat - Indagine multiscopo sugli aspetti della vita quotidiana
05REL002,amici,Soddisfazione per le relazioni amicali,Totale,Totale,2020,22.4,FALSE,Valori percentuali,Istat - Indagine multiscopo sugli aspetti della vita quotidiana
05REL002,amici,Soddisfazione per le relazioni amicali,Totale,Totale,2021,18.7,FALSE,Valori percentuali,Istat - Indagine multiscopo sugli aspetti della vita quotidiana
05REL002,amici,Soddisfazione per le relazioni amicali,Totale,Totale,2022,21.6,FALSE,Valori percentuali,Istat - Indagine multiscopo sugli aspetti della vita quotidiana
05REL002,amici,Soddisfazione per le relazioni amicali,Totale,Totale,2023,22.7,FALSE,Valori percentuali,Istat - Indagine multiscopo sugli aspetti della vita quotidiana
05REL002,amici,Soddisfazione per le relazioni amicali,Totale,Totale,2024,22.5,FALSE,Valori percentuali,Istat - Indagine multiscopo sugli aspetti della vita quotidiana
05REL002,amici,Soddisfazione per le relazioni amicali,Totale,Totale,2025,23.4,FALSE,Valori percentuali,Istat - Indagine multiscopo sugli aspetti della vita quotidiana
08BSO003,prospettive,Giudizio positivo sulle prospettive future,14-19,Femmine,2012,47.5,FALSE,Valori percentuali,Istat - Indagine multiscopo sugli aspetti della vita quotidiana
08BSO003,prospettive,Giudizio positivo sulle prospettive future,14-19,Femmine,2013,53.6,FALSE,Valori percentuali,Istat - Indagine multiscopo sugli aspetti della vita quotidiana
08BSO003,prospettive,Giudizio positivo sulle prospettive future,14-19,Femmine,2014,55.3,FALSE,Valori percentuali,Istat - Indagine multiscopo sugli aspetti della vita quotidiana
08BSO003,prospettive,Giudizio positivo sulle prospettive future,14-19,Femmine,2015,56.8,FALSE,Valori percentuali,Istat - Indagine multiscopo sugli aspetti della vita quotidiana
08BSO003,prospettive,Giudizio positivo sulle prospettive future,14-19,Femmine,2016,56.1,FALSE,Valori percentuali,Istat - Indagine multiscopo sugli aspetti della vita quotidiana
08BSO003,prospettive,Giudizio positivo sulle prospettive future,14-19,Femmine,2017,54.6,FALSE,Valori percentuali,Istat - Indagine multiscopo sugli aspetti della vita quotidiana
08BSO003,prospettive,Giudizio positivo sulle prospettive future,14-19,Femmine,2018,59.8,FALSE,Valori percentuali,Istat - Indagine multiscopo sugli aspetti della vita quotidiana
08BSO003,prospettive,Giudizio positivo sulle prospettive future,14-19,Femmine,2019,62.8,FALSE,Valori percentuali,Istat - Indagine multiscopo sugli aspetti della vita quotidiana
08BSO003,prospettive,Giudizio positivo sulle prospettive future,14-19,Femmine,2020,60.8,FALSE,Valori percentuali,Istat - Indagine multiscopo sugli aspetti della vita quotidiana
08BSO003,prospettive,Giudizio positivo sulle prospettive future,14-19,Femmine,2021,62,FALSE,Valori percentuali,Istat - Indagine multiscopo sugli aspetti della vita quotidiana
08BSO003,prospettive,Giudizio positivo sulle prospettive future,14-19,Femmine,2022,60.5,FALSE,Valori percentuali,Istat - Indagine multiscopo sugli aspetti della vita quotidiana
08BSO003,prospettive,Giudizio positivo sulle prospettive future,14-19,Femmine,2023,63.2,FALSE,Valori percentuali,Istat - Indagine multiscopo sugli aspetti della vita quotidiana
08BSO003,prospettive,Giudizio positivo sulle prospettive future,14-19,Femmine,2024,64.2,FALSE,Valori percentuali,Istat - Indagine multiscopo sugli aspetti della vita quotidiana
08BSO003,prospettive,Giudizio positivo sulle prospettive future,14-19,Femmine,2025,63.5,FALSE,Valori percentuali,Istat - Indagine multiscopo sugli aspetti della vita quotidiana
08BSO003,prospettive,Giudizio positivo sulle prospettive future,14-19,Maschi,2012,47.5,FALSE,Valori percentuali,Istat - Indagine multiscopo sugli aspetti della vita quotidiana
08BSO003,prospettive,Giudizio positivo sulle prospettive future,14-19,Maschi,2013,50.5,FALSE,Valori percentuali,Istat - Indagine multiscopo sugli aspetti della vita quotidiana
08BSO003,prospettive,Giudizio positivo sulle prospettive future,14-19,Maschi,2014,56.7,FALSE,Valori percentuali,Istat - Indagine multiscopo sugli aspetti della vita quotidiana
08BSO003,prospettive,Giudizio positivo sulle prospettive future,14-19,Maschi,2015,55.8,FALSE,Valori percentuali,Istat - Indagine multiscopo sugli aspetti della vita quotidiana
08BSO003,prospettive,Giudizio positivo sulle prospettive future,14-19,Maschi,2016,56.1,FALSE,Valori percentuali,Istat - Indagine multiscopo sugli aspetti della vita quotidiana
08BSO003,prospettive,Giudizio positivo sulle prospettive future,14-19,Maschi,2017,59,FALSE,Valori percentuali,Istat - Indagine multiscopo sugli aspetti della vita quotidiana
08BSO003,prospettive,Giudizio positivo sulle prospettive future,14-19,Maschi,2018,60.8,FALSE,Valori percentuali,Istat - Indagine multiscopo sugli aspetti della vita quotidiana
08BSO003,prospettive,Giudizio positivo sulle prospettive future,14-19,Maschi,2019,58.9,FALSE,Valori percentuali,Istat - Indagine multiscopo sugli aspetti della vita quotidiana
08BSO003,prospettive,Giudizio positivo sulle prospettive future,14-19,Maschi,2020,60.3,FALSE,Valori percentuali,Istat - Indagine multiscopo sugli aspetti della vita quotidiana
08BSO003,prospettive,Giudizio positivo sulle prospettive future,14-19,Maschi,2021,62.4,FALSE,Valori percentuali,Istat - Indagine multiscopo sugli aspetti della vita quotidiana
08BSO003,prospettive,Giudizio positivo sulle prospettive future,14-19,Maschi,2022,58.5,FALSE,Valori percentuali,Istat - Indagine multiscopo sugli aspetti della vita quotidiana
08BSO003,prospettive,Giudizio positivo sulle prospettive future,14-19,Maschi,2023,63,FALSE,Valori percentuali,Istat - Indagine multiscopo sugli aspetti della vita quotidiana
08BSO003,prospettive,Giudizio positivo sulle prospettive future,14-19,Maschi,2024,61.8,FALSE,Valori percentuali,Istat - Indagine multiscopo sugli aspetti della vita quotidiana
08BSO003,prospettive,Giudizio positivo sulle prospettive future,14-19,Maschi,2025,59.7,FALSE,Valori percentuali,Istat - Indagine multiscopo sugli aspetti della vita quotidiana
08BSO003,prospettive,Giudizio positivo sulle prospettive future,14-19,Totale,2012,47.5,FALSE,Valori percentuali,Istat - Indagine multiscopo sugli aspetti della vita quotidiana
08BSO003,prospettive,Giudizio positivo sulle prospettive future,14-19,Totale,2013,52,FALSE,Valori percentuali,Istat - Indagine multiscopo sugli aspetti della vita quotidiana
08BSO003,prospettive,Giudizio positivo sulle prospettive future,14-19,Totale,2014,56,FALSE,Valori percentuali,Istat - Indagine multiscopo sugli aspetti della vita quotidiana
08BSO003,prospettive,Giudizio positivo sulle prospettive future,14-19,Totale,2015,56.2,FALSE,Valori percentuali,Istat - Indagine multiscopo sugli aspetti della vita quotidiana
08BSO003,prospettive,Giudizio positivo sulle prospettive future,14-19,Totale,2016,56.1,FALSE,Valori percentuali,Istat - Indagine multiscopo sugli aspetti della vita quotidiana
08BSO003,prospettive,Giudizio positivo sulle prospettive future,14-19,Totale,2017,56.9,FALSE,Valori percentuali,Istat - Indagine multiscopo sugli aspetti della vita quotidiana
08BSO003,prospettive,Giudizio positivo sulle prospettive future,14-19,Totale,2018,60.3,FALSE,Valori percentuali,Istat - Indagine multiscopo sugli aspetti della vita quotidiana
08BSO003,prospettive,Giudizio positivo sulle prospettive future,14-19,Totale,2019,60.7,FALSE,Valori percentuali,Istat - Indagine multiscopo sugli aspetti della vita quotidiana
08BSO003,prospettive,Giudizio positivo sulle prospettive future,14-19,Totale,2020,60.6,FALSE,Valori percentuali,Istat - Indagine multiscopo sugli aspetti della vita quotidiana
08BSO003,prospettive,Giudizio positivo sulle prospettive future,14-19,Totale,2021,62.2,FALSE,Valori percentuali,Istat - Indagine multiscopo sugli aspetti della vita quotidiana
08BSO003,prospettive,Giudizio positivo sulle prospettive future,14-19,Totale,2022,59.5,FALSE,Valori percentuali,Istat - Indagine multiscopo sugli aspetti della vita quotidiana
08BSO003,prospettive,Giudizio positivo sulle prospettive future,14-19,Totale,2023,63.1,FALSE,Valori percentuali,Istat - Indagine multiscopo sugli aspetti della vita quotidiana
08BSO003,prospettive,Giudizio positivo sulle prospettive future,14-19,Totale,2024,63,FALSE,Valori percentuali,Istat - Indagine multiscopo sugli aspetti della vita quotidiana
08BSO003,prospettive,Giudizio positivo sulle prospettive future,14-19,Totale,2025,61.6,FALSE,Valori percentuali,Istat - Indagine multiscopo sugli aspetti della vita quotidiana
08BSO003,prospettive,Giudizio positivo sulle prospettive future,20-24,Femmine,2012,49.6,FALSE,Valori percentuali,Istat - Indagine multiscopo sugli aspetti della vita quotidiana
08BSO003,prospettive,Giudizio positivo sulle prospettive future,20-24,Femmine,2013,50.2,FALSE,Valori percentuali,Istat - Indagine multiscopo sugli aspetti della vita quotidiana
08BSO003,prospettive,Giudizio positivo sulle prospettive future,20-24,Femmine,2014,57.9,FALSE,Valori percentuali,Istat - Indagine multiscopo sugli aspetti della vita quotidiana
08BSO003,prospettive,Giudizio positivo sulle prospettive future,20-24,Femmine,2015,60.5,FALSE,Valori percentuali,Istat - Indagine multiscopo sugli aspetti della vita quotidiana
08BSO003,prospettive,Giudizio positivo sulle prospettive future,20-24,Femmine,2016,57.4,FALSE,Valori percentuali,Istat - Indagine multiscopo sugli aspetti della vita quotidiana
08BSO003,prospettive,Giudizio positivo sulle prospettive future,20-24,Femmine,2017,59.8,FALSE,Valori percentuali,Istat - Indagine multiscopo sugli aspetti della vita quotidiana
08BSO003,prospettive,Giudizio positivo sulle prospettive future,20-24,Femmine,2018,62.8,FALSE,Valori percentuali,Istat - Indagine multiscopo sugli aspetti della vita quotidiana
08BSO003,prospettive,Giudizio positivo sulle prospettive future,20-24,Femmine,2019,66.3,FALSE,Valori percentuali,Istat - Indagine multiscopo sugli aspetti della vita quotidiana
08BSO003,prospettive,Giudizio positivo sulle prospettive future,20-24,Femmine,2020,67.2,FALSE,Valori percentuali,Istat - Indagine multiscopo sugli aspetti della vita quotidiana
08BSO003,prospettive,Giudizio positivo sulle prospettive future,20-24,Femmine,2021,67.9,FALSE,Valori percentuali,Istat - Indagine multiscopo sugli aspetti della vita quotidiana
08BSO003,prospettive,Giudizio positivo sulle prospettive future,20-24,Femmine,2022,63.9,FALSE,Valori percentuali,Istat - Indagine multiscopo sugli aspetti della vita quotidiana
08BSO003,prospettive,Giudizio positivo sulle prospettive future,20-24,Femmine,2023,63.7,FALSE,Valori percentuali,Istat - Indagine multiscopo sugli aspetti della vita quotidiana
08BSO003,prospettive,Giudizio positivo sulle prospettive future,20-24,Femmine,2024,68.6,FALSE,Valori percentuali,Istat - Indagine multiscopo sugli aspetti della vita quotidiana
08BSO003,prospettive,Giudizio positivo sulle prospettive future,20-24,Femmine,2025,63.9,FALSE,Valori percentuali,Istat - Indagine multiscopo sugli aspetti della vita quotidiana
08BSO003,prospettive,Giudizio positivo sulle prospettive future,20-24,Maschi,2012,48.3,FALSE,Valori percentuali,Istat - Indagine multiscopo sugli aspetti della vita quotidiana
08BSO003,prospettive,Giudizio positivo sulle prospettive future,20-24,Maschi,2013,50.7,FALSE,Valori percentuali,Istat - Indagine multiscopo sugli aspetti della vita quotidiana
08BSO003,prospettive,Giudizio positivo sulle prospettive future,20-24,Maschi,2014,54.4,FALSE,Valori percentuali,Istat - Indagine multiscopo sugli aspetti della vita quotidiana
08BSO003,prospettive,Giudizio positivo sulle prospettive future,20-24,Maschi,2015,57.4,FALSE,Valori percentuali,Istat - Indagine multiscopo sugli aspetti della vita quotidiana
08BSO003,prospettive,Giudizio positivo sulle prospettive future,20-24,Maschi,2016,57.3,FALSE,Valori percentuali,Istat - Indagine multiscopo sugli aspetti della vita quotidiana
08BSO003,prospettive,Giudizio positivo sulle prospettive future,20-24,Maschi,2017,58.4,FALSE,Valori percentuali,Istat - Indagine multiscopo sugli aspetti della vita quotidiana
08BSO003,prospettive,Giudizio positivo sulle prospettive future,20-24,Maschi,2018,59.6,FALSE,Valori percentuali,Istat - Indagine multiscopo sugli aspetti della vita quotidiana
08BSO003,prospettive,Giudizio positivo sulle prospettive future,20-24,Maschi,2019,62.4,FALSE,Valori percentuali,Istat - Indagine multiscopo sugli aspetti della vita quotidiana
08BSO003,prospettive,Giudizio positivo sulle prospettive future,20-24,Maschi,2020,60.3,FALSE,Valori percentuali,Istat - Indagine multiscopo sugli aspetti della vita quotidiana
08BSO003,prospettive,Giudizio positivo sulle prospettive future,20-24,Maschi,2021,63.3,FALSE,Valori percentuali,Istat - Indagine multiscopo sugli aspetti della vita quotidiana
08BSO003,prospettive,Giudizio positivo sulle prospettive future,20-24,Maschi,2022,59.7,FALSE,Valori percentuali,Istat - Indagine multiscopo sugli aspetti della vita quotidiana
08BSO003,prospettive,Giudizio positivo sulle prospettive future,20-24,Maschi,2023,59.8,FALSE,Valori percentuali,Istat - Indagine multiscopo sugli aspetti della vita quotidiana
08BSO003,prospettive,Giudizio positivo sulle prospettive future,20-24,Maschi,2024,62.1,FALSE,Valori percentuali,Istat - Indagine multiscopo sugli aspetti della vita quotidiana
08BSO003,prospettive,Giudizio positivo sulle prospettive future,20-24,Maschi,2025,64.8,FALSE,Valori percentuali,Istat - Indagine multiscopo sugli aspetti della vita quotidiana
08BSO003,prospettive,Giudizio positivo sulle prospettive future,20-24,Totale,2012,48.9,FALSE,Valori percentuali,Istat - Indagine multiscopo sugli aspetti della vita quotidiana
08BSO003,prospettive,Giudizio positivo sulle prospettive future,20-24,Totale,2013,50.5,FALSE,Valori percentuali,Istat - Indagine multiscopo sugli aspetti della vita quotidiana
08BSO003,prospettive,Giudizio positivo sulle prospettive future,20-24,Totale,2014,56.1,FALSE,Valori percentuali,Istat - Indagine multiscopo sugli aspetti della vita quotidiana
08BSO003,prospettive,Giudizio positivo sulle prospettive future,20-24,Totale,2015,58.9,FALSE,Valori percentuali,Istat - Indagine multiscopo sugli aspetti della vita quotidiana
08BSO003,prospettive,Giudizio positivo sulle prospettive future,20-24,Totale,2016,57.3,FALSE,Valori percentuali,Istat - Indagine multiscopo sugli aspetti della vita quotidiana
08BSO003,prospettive,Giudizio positivo sulle prospettive future,20-24,Totale,2017,59.1,FALSE,Valori percentuali,Istat - Indagine multiscopo sugli aspetti della vita quotidiana
08BSO003,prospettive,Giudizio positivo sulle prospettive future,20-24,Totale,2018,61.1,FALSE,Valori percentuali,Istat - Indagine multiscopo sugli aspetti della vita quotidiana
08BSO003,prospettive,Giudizio positivo sulle prospettive future,20-24,Totale,2019,64.3,FALSE,Valori percentuali,Istat - Indagine multiscopo sugli aspetti della vita quotidiana
08BSO003,prospettive,Giudizio positivo sulle prospettive future,20-24,Totale,2020,63.5,FALSE,Valori percentuali,Istat - Indagine multiscopo sugli aspetti della vita quotidiana
08BSO003,prospettive,Giudizio positivo sulle prospettive future,20-24,Totale,2021,65.5,FALSE,Valori percentuali,Istat - Indagine multiscopo sugli aspetti della vita quotidiana
08BSO003,prospettive,Giudizio positivo sulle prospettive future,20-24,Totale,2022,61.6,FALSE,Valori percentuali,Istat - Indagine multiscopo sugli aspetti della vita quotidiana
08BSO003,prospettive,Giudizio positivo sulle prospettive future,20-24,Totale,2023,61.6,FALSE,Valori percentuali,Istat - Indagine multiscopo sugli aspetti della vita quotidiana
08BSO003,prospettive,Giudizio positivo sulle prospettive future,20-24,Totale,2024,65.2,FALSE,Valori percentuali,Istat - Indagine multiscopo sugli aspetti della vita quotidiana
08BSO003,prospettive,Giudizio positivo sulle prospettive future,20-24,Totale,2025,64.4,FALSE,Valori percentuali,Istat - Indagine multiscopo sugli aspetti della vita quotidiana
08BSO003,prospettive,Giudizio positivo sulle prospettive future,Totale,Femmine,2012,23.5,FALSE,Valori percentuali,Istat - Indagine multiscopo sugli aspetti della vita quotidiana
08BSO003,prospettive,Giudizio positivo sulle prospettive future,Totale,Femmine,2013,22.9,FALSE,Valori percentuali,Istat - Indagine multiscopo sugli aspetti della vita quotidiana
08BSO003,prospettive,Giudizio positivo sulle prospettive future,Totale,Femmine,2014,25.3,FALSE,Valori percentuali,Istat - Indagine multiscopo sugli aspetti della vita quotidiana
08BSO003,prospettive,Giudizio positivo sulle prospettive future,Totale,Femmine,2015,26.8,FALSE,Valori percentuali,Istat - Indagine multiscopo sugli aspetti della vita quotidiana
08BSO003,prospettive,Giudizio positivo sulle prospettive future,Totale,Femmine,2016,25.5,FALSE,Valori percentuali,Istat - Indagine multiscopo sugli aspetti della vita quotidiana
08BSO003,prospettive,Giudizio positivo sulle prospettive future,Totale,Femmine,2017,25.5,FALSE,Valori percentuali,Istat - Indagine multiscopo sugli aspetti della vita quotidiana
08BSO003,prospettive,Giudizio positivo sulle prospettive future,Totale,Femmine,2018,27.2,FALSE,Valori percentuali,Istat - Indagine multiscopo sugli aspetti della vita quotidiana
08BSO003,prospettive,Giudizio positivo sulle prospettive future,Totale,Femmine,2019,28.3,FALSE,Valori percentuali,Istat - Indagine multiscopo sugli aspetti della vita quotidiana
08BSO003,prospettive,Giudizio positivo sulle prospettive future,Totale,Femmine,2020,26.9,FALSE,Valori percentuali,Istat - Indagine multiscopo sugli aspetti della vita quotidiana
08BSO003,prospettive,Giudizio positivo sulle prospettive future,Totale,Femmine,2021,30,FALSE,Valori percentuali,Istat - Indagine multiscopo sugli aspetti della vita quotidiana
08BSO003,prospettive,Giudizio positivo sulle prospettive future,Totale,Femmine,2022,27.9,FALSE,Valori percentuali,Istat - Indagine multiscopo sugli aspetti della vita quotidiana
08BSO003,prospettive,Giudizio positivo sulle prospettive future,Totale,Femmine,2023,28.3,FALSE,Valori percentuali,Istat - Indagine multiscopo sugli aspetti della vita quotidiana
08BSO003,prospettive,Giudizio positivo sulle prospettive future,Totale,Femmine,2024,29.2,FALSE,Valori percentuali,Istat - Indagine multiscopo sugli aspetti della vita quotidiana
08BSO003,prospettive,Giudizio positivo sulle prospettive future,Totale,Femmine,2025,29.2,FALSE,Valori percentuali,Istat - Indagine multiscopo sugli aspetti della vita quotidiana
08BSO003,prospettive,Giudizio positivo sulle prospettive future,Totale,Maschi,2012,25.9,FALSE,Valori percentuali,Istat - Indagine multiscopo sugli aspetti della vita quotidiana
08BSO003,prospettive,Giudizio positivo sulle prospettive future,Totale,Maschi,2013,25.3,FALSE,Valori percentuali,Istat - Indagine multiscopo sugli aspetti della vita quotidiana
08BSO003,prospettive,Giudizio positivo sulle prospettive future,Totale,Maschi,2014,28.9,FALSE,Valori percentuali,Istat - Indagine multiscopo sugli aspetti della vita quotidiana
08BSO003,prospettive,Giudizio positivo sulle prospettive future,Totale,Maschi,2015,29.4,FALSE,Valori percentuali,Istat - Indagine multiscopo sugli aspetti della vita quotidiana
08BSO003,prospettive,Giudizio positivo sulle prospettive future,Totale,Maschi,2016,27.8,FALSE,Valori percentuali,Istat - Indagine multiscopo sugli aspetti della vita quotidiana
08BSO003,prospettive,Giudizio positivo sulle prospettive future,Totale,Maschi,2017,29.1,FALSE,Valori percentuali,Istat - Indagine multiscopo sugli aspetti della vita quotidiana
08BSO003,prospettive,Giudizio positivo sulle prospettive future,Totale,Maschi,2018,31,FALSE,Valori percentuali,Istat - Indagine multiscopo sugli aspetti della vita quotidiana
08BSO003,prospettive,Giudizio positivo sulle prospettive future,Totale,Maschi,2019,32,FALSE,Valori percentuali,Istat - Indagine multiscopo sugli aspetti della vita quotidiana
08BSO003,prospettive,Giudizio positivo sulle prospettive future,Totale,Maschi,2020,30.5,FALSE,Valori percentuali,Istat - Indagine multiscopo sugli aspetti della vita quotidiana
08BSO003,prospettive,Giudizio positivo sulle prospettive future,Totale,Maschi,2021,34,FALSE,Valori percentuali,Istat - Indagine multiscopo sugli aspetti della vita quotidiana
08BSO003,prospettive,Giudizio positivo sulle prospettive future,Totale,Maschi,2022,31.1,FALSE,Valori percentuali,Istat - Indagine multiscopo sugli aspetti della vita quotidiana
08BSO003,prospettive,Giudizio positivo sulle prospettive future,Totale,Maschi,2023,32.5,FALSE,Valori percentuali,Istat - Indagine multiscopo sugli aspetti della vita quotidiana
08BSO003,prospettive,Giudizio positivo sulle prospettive future,Totale,Maschi,2024,32.7,FALSE,Valori percentuali,Istat - Indagine multiscopo sugli aspetti della vita quotidiana
08BSO003,prospettive,Giudizio positivo sulle prospettive future,Totale,Maschi,2025,32.5,FALSE,Valori percentuali,Istat - Indagine multiscopo sugli aspetti della vita quotidiana
08BSO003,prospettive,Giudizio positivo sulle prospettive future,Totale,Totale,2012,24.6,FALSE,Valori percentuali,Istat - Indagine multiscopo sugli aspetti della vita quotidiana
08BSO003,prospettive,Giudizio positivo sulle prospettive future,Totale,Totale,2013,24,FALSE,Valori percentuali,Istat - Indagine multiscopo sugli aspetti della vita quotidiana
08BSO003,prospettive,Giudizio positivo sulle prospettive future,Totale,Totale,2014,27.1,FALSE,Valori percentuali,Istat - Indagine multiscopo sugli aspetti della vita quotidiana
08BSO003,prospettive,Giudizio positivo sulle prospettive future,Totale,Totale,2015,28.1,FALSE,Valori percentuali,Istat - Indagine multiscopo sugli aspetti della vita quotidiana
08BSO003,prospettive,Giudizio positivo sulle prospettive future,Totale,Totale,2016,26.6,FALSE,Valori percentuali,Istat - Indagine multiscopo sugli aspetti della vita quotidiana
08BSO003,prospettive,Giudizio positivo sulle prospettive future,Totale,Totale,2017,27.2,FALSE,Valori percentuali,Istat - Indagine multiscopo sugli aspetti della vita quotidiana
08BSO003,prospettive,Giudizio positivo sulle prospettive future,Totale,Totale,2018,29,FALSE,Valori percentuali,Istat - Indagine multiscopo sugli aspetti della vita quotidiana
08BSO003,prospettive,Giudizio positivo sulle prospettive future,Totale,Totale,2019,30.1,FALSE,Valori percentuali,Istat - Indagine multiscopo sugli aspetti della vita quotidiana
08BSO003,prospettive,Giudizio positivo sulle prospettive future,Totale,Totale,2020,28.7,FALSE,Valori percentuali,Istat - Indagine multiscopo sugli aspetti della vita quotidiana
08BSO003,prospettive,Giudizio positivo sulle prospettive future,Totale,Totale,2021,31.9,FALSE,Valori percentuali,Istat - Indagine multiscopo sugli aspetti della vita quotidiana
08BSO003,prospettive,Giudizio positivo sulle prospettive future,Totale,Totale,2022,29.4,FALSE,Valori percentuali,Istat - Indagine multiscopo sugli aspetti della vita quotidiana
08BSO003,prospettive,Giudizio positivo sulle prospettive future,Totale,Totale,2023,30.3,FALSE,Valori percentuali,Istat - Indagine multiscopo sugli aspetti della vita quotidiana
08BSO003,prospettive,Giudizio positivo sulle prospettive future,Totale,Totale,2024,30.9,FALSE,Valori percentuali,Istat - Indagine multiscopo sugli aspetti della vita quotidiana
08BSO003,prospettive,Giudizio positivo sulle prospettive future,Totale,Totale,2025,30.8,FALSE,Valori percentuali,Istat - Indagine multiscopo sugli aspetti della vita quotidiana
01SAL003B,salute_mentale,Indice di salute mentale (MH),14-19,Femmine,2016,70.8,FALSE,Punteggi medi,Istat - Indagine multiscopo sugli aspetti della vita quotidiana
01SAL003B,salute_mentale,Indice di salute mentale (MH),14-19,Femmine,2017,69.7,FALSE,Punteggi medi,Istat - Indagine multiscopo sugli aspetti della vita quotidiana
01SAL003B,salute_mentale,Indice di salute mentale (MH),14-19,Femmine,2018,70.8,FALSE,Punteggi medi,Istat - Indagine multiscopo sugli aspetti della vita quotidiana
01SAL003B,salute_mentale,Indice di salute mentale (MH),14-19,Femmine,2019,70.6,FALSE,Punteggi medi,Istat - Indagine multiscopo sugli aspetti della vita quotidiana
01SAL003B,salute_mentale,Indice di salute mentale (MH),14-19,Femmine,2020,71.2,FALSE,Punteggi medi,Istat - Indagine multiscopo sugli aspetti della vita quotidiana
01SAL003B,salute_mentale,Indice di salute mentale (MH),14-19,Femmine,2021,66.6,FALSE,Punteggi medi,Istat - Indagine multiscopo sugli aspetti della vita quotidiana
01SAL003B,salute_mentale,Indice di salute mentale (MH),14-19,Femmine,2022,69.8,FALSE,Punteggi medi,Istat - Indagine multiscopo sugli aspetti della vita quotidiana
01SAL003B,salute_mentale,Indice di salute mentale (MH),14-19,Femmine,2023,67.4,FALSE,Punteggi medi,Istat - Indagine multiscopo sugli aspetti della vita quotidiana
01SAL003B,salute_mentale,Indice di salute mentale (MH),14-19,Femmine,2024,68.5,FALSE,Punteggi medi,Istat - Indagine multiscopo sugli aspetti della vita quotidiana
01SAL003B,salute_mentale,Indice di salute mentale (MH),14-19,Femmine,2025,69.3,FALSE,Punteggi medi,Istat - Indagine multiscopo sugli aspetti della vita quotidiana
01SAL003B,salute_mentale,Indice di salute mentale (MH),14-19,Maschi,2016,75.7,FALSE,Punteggi medi,Istat - Indagine multiscopo sugli aspetti della vita quotidiana
01SAL003B,salute_mentale,Indice di salute mentale (MH),14-19,Maschi,2017,75.2,FALSE,Punteggi medi,Istat - Indagine multiscopo sugli aspetti della vita quotidiana
01SAL003B,salute_mentale,Indice di salute mentale (MH),14-19,Maschi,2018,74.7,FALSE,Punteggi medi,Istat - Indagine multiscopo sugli aspetti della vita quotidiana
01SAL003B,salute_mentale,Indice di salute mentale (MH),14-19,Maschi,2019,74.9,FALSE,Punteggi medi,Istat - Indagine multiscopo sugli aspetti della vita quotidiana
01SAL003B,salute_mentale,Indice di salute mentale (MH),14-19,Maschi,2020,76.5,FALSE,Punteggi medi,Istat - Indagine multiscopo sugli aspetti della vita quotidiana
01SAL003B,salute_mentale,Indice di salute mentale (MH),14-19,Maschi,2021,74.1,FALSE,Punteggi medi,Istat - Indagine multiscopo sugli aspetti della vita quotidiana
01SAL003B,salute_mentale,Indice di salute mentale (MH),14-19,Maschi,2022,75.4,FALSE,Punteggi medi,Istat - Indagine multiscopo sugli aspetti della vita quotidiana
01SAL003B,salute_mentale,Indice di salute mentale (MH),14-19,Maschi,2023,74.3,FALSE,Punteggi medi,Istat - Indagine multiscopo sugli aspetti della vita quotidiana
01SAL003B,salute_mentale,Indice di salute mentale (MH),14-19,Maschi,2024,74.9,FALSE,Punteggi medi,Istat - Indagine multiscopo sugli aspetti della vita quotidiana
01SAL003B,salute_mentale,Indice di salute mentale (MH),14-19,Maschi,2025,74.6,FALSE,Punteggi medi,Istat - Indagine multiscopo sugli aspetti della vita quotidiana
01SAL003B,salute_mentale,Indice di salute mentale (MH),14-19,Totale,2016,73.4,FALSE,Punteggi medi,Istat - Indagine multiscopo sugli aspetti della vita quotidiana
01SAL003B,salute_mentale,Indice di salute mentale (MH),14-19,Totale,2017,72.5,FALSE,Punteggi medi,Istat - Indagine multiscopo sugli aspetti della vita quotidiana
01SAL003B,salute_mentale,Indice di salute mentale (MH),14-19,Totale,2018,72.7,FALSE,Punteggi medi,Istat - Indagine multiscopo sugli aspetti della vita quotidiana
01SAL003B,salute_mentale,Indice di salute mentale (MH),14-19,Totale,2019,72.9,FALSE,Punteggi medi,Istat - Indagine multiscopo sugli aspetti della vita quotidiana
01SAL003B,salute_mentale,Indice di salute mentale (MH),14-19,Totale,2020,73.9,FALSE,Punteggi medi,Istat - Indagine multiscopo sugli aspetti della vita quotidiana
01SAL003B,salute_mentale,Indice di salute mentale (MH),14-19,Totale,2021,70.3,FALSE,Punteggi medi,Istat - Indagine multiscopo sugli aspetti della vita quotidiana
01SAL003B,salute_mentale,Indice di salute mentale (MH),14-19,Totale,2022,72.6,FALSE,Punteggi medi,Istat - Indagine multiscopo sugli aspetti della vita quotidiana
01SAL003B,salute_mentale,Indice di salute mentale (MH),14-19,Totale,2023,71,FALSE,Punteggi medi,Istat - Indagine multiscopo sugli aspetti della vita quotidiana
01SAL003B,salute_mentale,Indice di salute mentale (MH),14-19,Totale,2024,71.8,FALSE,Punteggi medi,Istat - Indagine multiscopo sugli aspetti della vita quotidiana
01SAL003B,salute_mentale,Indice di salute mentale (MH),14-19,Totale,2025,72,FALSE,Punteggi medi,Istat - Indagine multiscopo sugli aspetti della vita quotidiana
01SAL003B,salute_mentale,Indice di salute mentale (MH),20-24,Femmine,2016,67.8,FALSE,Punteggi medi,Istat - Indagine multiscopo sugli aspetti della vita quotidiana
01SAL003B,salute_mentale,Indice di salute mentale (MH),20-24,Femmine,2017,67.4,FALSE,Punteggi medi,Istat - Indagine multiscopo sugli aspetti della vita quotidiana
01SAL003B,salute_mentale,Indice di salute mentale (MH),20-24,Femmine,2018,68.8,FALSE,Punteggi medi,Istat - Indagine multiscopo sugli aspetti della vita quotidiana
01SAL003B,salute_mentale,Indice di salute mentale (MH),20-24,Femmine,2019,69.3,FALSE,Punteggi medi,Istat - Indagine multiscopo sugli aspetti della vita quotidiana
01SAL003B,salute_mentale,Indice di salute mentale (MH),20-24,Femmine,2020,66.8,FALSE,Punteggi medi,Istat - Indagine multiscopo sugli aspetti della vita quotidiana
01SAL003B,salute_mentale,Indice di salute mentale (MH),20-24,Femmine,2021,65.9,FALSE,Punteggi medi,Istat - Indagine multiscopo sugli aspetti della vita quotidiana
01SAL003B,salute_mentale,Indice di salute mentale (MH),20-24,Femmine,2022,67.7,FALSE,Punteggi medi,Istat - Indagine multiscopo sugli aspetti della vita quotidiana
01SAL003B,salute_mentale,Indice di salute mentale (MH),20-24,Femmine,2023,66.8,FALSE,Punteggi medi,Istat - Indagine multiscopo sugli aspetti della vita quotidiana
01SAL003B,salute_mentale,Indice di salute mentale (MH),20-24,Femmine,2024,65.6,FALSE,Punteggi medi,Istat - Indagine multiscopo sugli aspetti della vita quotidiana
01SAL003B,salute_mentale,Indice di salute mentale (MH),20-24,Femmine,2025,67.1,FALSE,Punteggi medi,Istat - Indagine multiscopo sugli aspetti della vita quotidiana
01SAL003B,salute_mentale,Indice di salute mentale (MH),20-24,Maschi,2016,72.3,FALSE,Punteggi medi,Istat - Indagine multiscopo sugli aspetti della vita quotidiana
01SAL003B,salute_mentale,Indice di salute mentale (MH),20-24,Maschi,2017,71.2,FALSE,Punteggi medi,Istat - Indagine multiscopo sugli aspetti della vita quotidiana
01SAL003B,salute_mentale,Indice di salute mentale (MH),20-24,Maschi,2018,71.9,FALSE,Punteggi medi,Istat - Indagine multiscopo sugli aspetti della vita quotidiana
01SAL003B,salute_mentale,Indice di salute mentale (MH),20-24,Maschi,2019,71.5,FALSE,Punteggi medi,Istat - Indagine multiscopo sugli aspetti della vita quotidiana
01SAL003B,salute_mentale,Indice di salute mentale (MH),20-24,Maschi,2020,72,FALSE,Punteggi medi,Istat - Indagine multiscopo sugli aspetti della vita quotidiana
01SAL003B,salute_mentale,Indice di salute mentale (MH),20-24,Maschi,2021,72.1,FALSE,Punteggi medi,Istat - Indagine multiscopo sugli aspetti della vita quotidiana
01SAL003B,salute_mentale,Indice di salute mentale (MH),20-24,Maschi,2022,71.3,FALSE,Punteggi medi,Istat - Indagine multiscopo sugli aspetti della vita quotidiana
01SAL003B,salute_mentale,Indice di salute mentale (MH),20-24,Maschi,2023,70.3,FALSE,Punteggi medi,Istat - Indagine multiscopo sugli aspetti della vita quotidiana
01SAL003B,salute_mentale,Indice di salute mentale (MH),20-24,Maschi,2024,71.4,FALSE,Punteggi medi,Istat - Indagine multiscopo sugli aspetti della vita quotidiana
01SAL003B,salute_mentale,Indice di salute mentale (MH),20-24,Maschi,2025,70.5,FALSE,Punteggi medi,Istat - Indagine multiscopo sugli aspetti della vita quotidiana
01SAL003B,salute_mentale,Indice di salute mentale (MH),20-24,Totale,2016,70.1,FALSE,Punteggi medi,Istat - Indagine multiscopo sugli aspetti della vita quotidiana
01SAL003B,salute_mentale,Indice di salute mentale (MH),20-24,Totale,2017,69.4,FALSE,Punteggi medi,Istat - Indagine multiscopo sugli aspetti della vita quotidiana
01SAL003B,salute_mentale,Indice di salute mentale (MH),20-24,Totale,2018,70.5,FALSE,Punteggi medi,Istat - Indagine multiscopo sugli aspetti della vita quotidiana
01SAL003B,salute_mentale,Indice di salute mentale (MH),20-24,Totale,2019,70.4,FALSE,Punteggi medi,Istat - Indagine multiscopo sugli aspetti della vita quotidiana
01SAL003B,salute_mentale,Indice di salute mentale (MH),20-24,Totale,2020,69.6,FALSE,Punteggi medi,Istat - Indagine multiscopo sugli aspetti della vita quotidiana
01SAL003B,salute_mentale,Indice di salute mentale (MH),20-24,Totale,2021,69.2,FALSE,Punteggi medi,Istat - Indagine multiscopo sugli aspetti della vita quotidiana
01SAL003B,salute_mentale,Indice di salute mentale (MH),20-24,Totale,2022,69.6,FALSE,Punteggi medi,Istat - Indagine multiscopo sugli aspetti della vita quotidiana
01SAL003B,salute_mentale,Indice di salute mentale (MH),20-24,Totale,2023,68.6,FALSE,Punteggi medi,Istat - Indagine multiscopo sugli aspetti della vita quotidiana
01SAL003B,salute_mentale,Indice di salute mentale (MH),20-24,Totale,2024,68.7,FALSE,Punteggi medi,Istat - Indagine multiscopo sugli aspetti della vita quotidiana
01SAL003B,salute_mentale,Indice di salute mentale (MH),20-24,Totale,2025,68.9,FALSE,Punteggi medi,Istat - Indagine multiscopo sugli aspetti della vita quotidiana
01SAL003B,salute_mentale,Indice di salute mentale (MH),Totale,Femmine,2016,65.9,FALSE,Punteggi medi,Istat - Indagine multiscopo sugli aspetti della vita quotidiana
01SAL003B,salute_mentale,Indice di salute mentale (MH),Totale,Femmine,2017,65.4,FALSE,Punteggi medi,Istat - Indagine multiscopo sugli aspetti della vita quotidiana
01SAL003B,salute_mentale,Indice di salute mentale (MH),Totale,Femmine,2018,65.7,FALSE,Punteggi medi,Istat - Indagine multiscopo sugli aspetti della vita quotidiana
01SAL003B,salute_mentale,Indice di salute mentale (MH),Totale,Femmine,2019,66.1,FALSE,Punteggi medi,Istat - Indagine multiscopo sugli aspetti della vita quotidiana
01SAL003B,salute_mentale,Indice di salute mentale (MH),Totale,Femmine,2020,65.9,FALSE,Punteggi medi,Istat - Indagine multiscopo sugli aspetti della vita quotidiana
01SAL003B,salute_mentale,Indice di salute mentale (MH),Totale,Femmine,2021,65.7,FALSE,Punteggi medi,Istat - Indagine multiscopo sugli aspetti della vita quotidiana
01SAL003B,salute_mentale,Indice di salute mentale (MH),Totale,Femmine,2022,66.6,FALSE,Punteggi medi,Istat - Indagine multiscopo sugli aspetti della vita quotidiana
01SAL003B,salute_mentale,Indice di salute mentale (MH),Totale,Femmine,2023,66.2,FALSE,Punteggi medi,Istat - Indagine multiscopo sugli aspetti della vita quotidiana
01SAL003B,salute_mentale,Indice di salute mentale (MH),Totale,Femmine,2024,66.2,FALSE,Punteggi medi,Istat - Indagine multiscopo sugli aspetti della vita quotidiana
01SAL003B,salute_mentale,Indice di salute mentale (MH),Totale,Femmine,2025,66.3,FALSE,Punteggi medi,Istat - Indagine multiscopo sugli aspetti della vita quotidiana
01SAL003B,salute_mentale,Indice di salute mentale (MH),Totale,Maschi,2016,70,FALSE,Punteggi medi,Istat - Indagine multiscopo sugli aspetti della vita quotidiana
01SAL003B,salute_mentale,Indice di salute mentale (MH),Totale,Maschi,2017,69.2,FALSE,Punteggi medi,Istat - Indagine multiscopo sugli aspetti della vita quotidiana
01SAL003B,salute_mentale,Indice di salute mentale (MH),Totale,Maschi,2018,69.5,FALSE,Punteggi medi,Istat - Indagine multiscopo sugli aspetti della vita quotidiana
01SAL003B,salute_mentale,Indice di salute mentale (MH),Totale,Maschi,2019,70.2,FALSE,Punteggi medi,Istat - Indagine multiscopo sugli aspetti della vita quotidiana
01SAL003B,salute_mentale,Indice di salute mentale (MH),Totale,Maschi,2020,71,FALSE,Punteggi medi,Istat - Indagine multiscopo sugli aspetti della vita quotidiana
01SAL003B,salute_mentale,Indice di salute mentale (MH),Totale,Maschi,2021,70.8,FALSE,Punteggi medi,Istat - Indagine multiscopo sugli aspetti della vita quotidiana
01SAL003B,salute_mentale,Indice di salute mentale (MH),Totale,Maschi,2022,70.9,FALSE,Punteggi medi,Istat - Indagine multiscopo sugli aspetti della vita quotidiana
01SAL003B,salute_mentale,Indice di salute mentale (MH),Totale,Maschi,2023,70.8,FALSE,Punteggi medi,Istat - Indagine multiscopo sugli aspetti della vita quotidiana
01SAL003B,salute_mentale,Indice di salute mentale (MH),Totale,Maschi,2024,70.8,FALSE,Punteggi medi,Istat - Indagine multiscopo sugli aspetti della vita quotidiana
01SAL003B,salute_mentale,Indice di salute mentale (MH),Totale,Maschi,2025,70.8,FALSE,Punteggi medi,Istat - Indagine multiscopo sugli aspetti della vita quotidiana
01SAL003B,salute_mentale,Indice di salute mentale (MH),Totale,Totale,2016,67.9,FALSE,Punteggi medi,Istat - Indagine multiscopo sugli aspetti della vita quotidiana
01SAL003B,salute_mentale,Indice di salute mentale (MH),Totale,Totale,2017,67.2,FALSE,Punteggi medi,Istat - Indagine multiscopo sugli aspetti della vita quotidiana
01SAL003B,salute_mentale,Indice di salute mentale (MH),Totale,Totale,2018,67.5,FALSE,Punteggi medi,Istat - Indagine multiscopo sugli aspetti della vita quotidiana
01SAL003B,salute_mentale,Indice di salute mentale (MH),Totale,Totale,2019,68.1,FALSE,Punteggi medi,Istat - Indagine multiscopo sugli aspetti della vita quotidiana
01SAL003B,salute_mentale,Indice di salute mentale (MH),Totale,Totale,2020,68.4,FALSE,Punteggi medi,Istat - Indagine multiscopo sugli aspetti della vita quotidiana
01SAL003B,salute_mentale,Indice di salute mentale (MH),Totale,Totale,2021,68.2,FALSE,Punteggi medi,Istat - Indagine multiscopo sugli aspetti della vita quotidiana
01SAL003B,salute_mentale,Indice di salute mentale (MH),Totale,Totale,2022,68.7,FALSE,Punteggi medi,Istat - Indagine multiscopo sugli aspetti della vita quotidiana
01SAL003B,salute_mentale,Indice di salute mentale (MH),Totale,Totale,2023,68.5,FALSE,Punteggi medi,Istat - Indagine multiscopo sugli aspetti della vita quotidiana
01SAL003B,salute_mentale,Indice di salute mentale (MH),Totale,Totale,2024,68.4,FALSE,Punteggi medi,Istat - Indagine multiscopo sugli aspetti della vita quotidiana
01SAL003B,salute_mentale,Indice di salute mentale (MH),Totale,Totale,2025,68.5,FALSE,Punteggi medi,Istat - Indagine multiscopo sugli aspetti della vita quotidiana
08BSO001,vita,Soddisfazione per la propria vita,14-19,Femmine,2010,56.2,FALSE,Valori percentuali,Istat - Indagine multiscopo sugli aspetti della vita quotidiana
08BSO001,vita,Soddisfazione per la propria vita,14-19,Femmine,2011,56.6,FALSE,Valori percentuali,Istat - Indagine multiscopo sugli aspetti della vita quotidiana
08BSO001,vita,Soddisfazione per la propria vita,14-19,Femmine,2012,47.7,FALSE,Valori percentuali,Istat - Indagine multiscopo sugli aspetti della vita quotidiana
08BSO001,vita,Soddisfazione per la propria vita,14-19,Femmine,2013,50.8,FALSE,Valori percentuali,Istat - Indagine multiscopo sugli aspetti della vita quotidiana
08BSO001,vita,Soddisfazione per la propria vita,14-19,Femmine,2014,46.9,FALSE,Valori percentuali,Istat - Indagine multiscopo sugli aspetti della vita quotidiana
08BSO001,vita,Soddisfazione per la propria vita,14-19,Femmine,2015,45.3,FALSE,Valori percentuali,Istat - Indagine multiscopo sugli aspetti della vita quotidiana
08BSO001,vita,Soddisfazione per la propria vita,14-19,Femmine,2016,51.6,FALSE,Valori percentuali,Istat - Indagine multiscopo sugli aspetti della vita quotidiana
08BSO001,vita,Soddisfazione per la propria vita,14-19,Femmine,2017,48,FALSE,Valori percentuali,Istat - Indagine multiscopo sugli aspetti della vita quotidiana
08BSO001,vita,Soddisfazione per la propria vita,14-19,Femmine,2018,51.9,FALSE,Valori percentuali,Istat - Indagine multiscopo sugli aspetti della vita quotidiana
08BSO001,vita,Soddisfazione per la propria vita,14-19,Femmine,2019,54.9,FALSE,Valori percentuali,Istat - Indagine multiscopo sugli aspetti della vita quotidiana
08BSO001,vita,Soddisfazione per la propria vita,14-19,Femmine,2020,54.8,FALSE,Valori percentuali,Istat - Indagine multiscopo sugli aspetti della vita quotidiana
08BSO001,vita,Soddisfazione per la propria vita,14-19,Femmine,2021,49.8,FALSE,Valori percentuali,Istat - Indagine multiscopo sugli aspetti della vita quotidiana
08BSO001,vita,Soddisfazione per la propria vita,14-19,Femmine,2022,56.4,FALSE,Valori percentuali,Istat - Indagine multiscopo sugli aspetti della vita quotidiana
08BSO001,vita,Soddisfazione per la propria vita,14-19,Femmine,2023,51.9,FALSE,Valori percentuali,Istat - Indagine multiscopo sugli aspetti della vita quotidiana
08BSO001,vita,Soddisfazione per la propria vita,14-19,Femmine,2024,56.4,FALSE,Valori percentuali,Istat - Indagine multiscopo sugli aspetti della vita quotidiana
08BSO001,vita,Soddisfazione per la propria vita,14-19,Femmine,2025,57.5,FALSE,Valori percentuali,Istat - Indagine multiscopo sugli aspetti della vita quotidiana
08BSO001,vita,Soddisfazione per la propria vita,14-19,Maschi,2010,58.2,FALSE,Valori percentuali,Istat - Indagine multiscopo sugli aspetti della vita quotidiana
08BSO001,vita,Soddisfazione per la propria vita,14-19,Maschi,2011,56.6,FALSE,Valori percentuali,Istat - Indagine multiscopo sugli aspetti della vita quotidiana
08BSO001,vita,Soddisfazione per la propria vita,14-19,Maschi,2012,46.5,FALSE,Valori percentuali,Istat - Indagine multiscopo sugli aspetti della vita quotidiana
08BSO001,vita,Soddisfazione per la propria vita,14-19,Maschi,2013,47.6,FALSE,Valori percentuali,Istat - Indagine multiscopo sugli aspetti della vita quotidiana
08BSO001,vita,Soddisfazione per la propria vita,14-19,Maschi,2014,49.9,FALSE,Valori percentuali,Istat - Indagine multiscopo sugli aspetti della vita quotidiana
08BSO001,vita,Soddisfazione per la propria vita,14-19,Maschi,2015,47,FALSE,Valori percentuali,Istat - Indagine multiscopo sugli aspetti della vita quotidiana
08BSO001,vita,Soddisfazione per la propria vita,14-19,Maschi,2016,56.6,FALSE,Valori percentuali,Istat - Indagine multiscopo sugli aspetti della vita quotidiana
08BSO001,vita,Soddisfazione per la propria vita,14-19,Maschi,2017,57.2,FALSE,Valori percentuali,Istat - Indagine multiscopo sugli aspetti della vita quotidiana
08BSO001,vita,Soddisfazione per la propria vita,14-19,Maschi,2018,55,FALSE,Valori percentuali,Istat - Indagine multiscopo sugli aspetti della vita quotidiana
08BSO001,vita,Soddisfazione per la propria vita,14-19,Maschi,2019,58.7,FALSE,Valori percentuali,Istat - Indagine multiscopo sugli aspetti della vita quotidiana
08BSO001,vita,Soddisfazione per la propria vita,14-19,Maschi,2020,56.9,FALSE,Valori percentuali,Istat - Indagine multiscopo sugli aspetti della vita quotidiana
08BSO001,vita,Soddisfazione per la propria vita,14-19,Maschi,2021,54.8,FALSE,Valori percentuali,Istat - Indagine multiscopo sugli aspetti della vita quotidiana
08BSO001,vita,Soddisfazione per la propria vita,14-19,Maschi,2022,60,FALSE,Valori percentuali,Istat - Indagine multiscopo sugli aspetti della vita quotidiana
08BSO001,vita,Soddisfazione per la propria vita,14-19,Maschi,2023,59.4,FALSE,Valori percentuali,Istat - Indagine multiscopo sugli aspetti della vita quotidiana
08BSO001,vita,Soddisfazione per la propria vita,14-19,Maschi,2024,59.1,FALSE,Valori percentuali,Istat - Indagine multiscopo sugli aspetti della vita quotidiana
08BSO001,vita,Soddisfazione per la propria vita,14-19,Maschi,2025,55.2,FALSE,Valori percentuali,Istat - Indagine multiscopo sugli aspetti della vita quotidiana
08BSO001,vita,Soddisfazione per la propria vita,14-19,Totale,2010,57.2,FALSE,Valori percentuali,Istat - Indagine multiscopo sugli aspetti della vita quotidiana
08BSO001,vita,Soddisfazione per la propria vita,14-19,Totale,2011,56.6,FALSE,Valori percentuali,Istat - Indagine multiscopo sugli aspetti della vita quotidiana
08BSO001,vita,Soddisfazione per la propria vita,14-19,Totale,2012,47.1,FALSE,Valori percentuali,Istat - Indagine multiscopo sugli aspetti della vita quotidiana
08BSO001,vita,Soddisfazione per la propria vita,14-19,Totale,2013,49.1,FALSE,Valori percentuali,Istat - Indagine multiscopo sugli aspetti della vita quotidiana
08BSO001,vita,Soddisfazione per la propria vita,14-19,Totale,2014,48.4,FALSE,Valori percentuali,Istat - Indagine multiscopo sugli aspetti della vita quotidiana
08BSO001,vita,Soddisfazione per la propria vita,14-19,Totale,2015,46.2,FALSE,Valori percentuali,Istat - Indagine multiscopo sugli aspetti della vita quotidiana
08BSO001,vita,Soddisfazione per la propria vita,14-19,Totale,2016,54.1,FALSE,Valori percentuali,Istat - Indagine multiscopo sugli aspetti della vita quotidiana
08BSO001,vita,Soddisfazione per la propria vita,14-19,Totale,2017,52.8,FALSE,Valori percentuali,Istat - Indagine multiscopo sugli aspetti della vita quotidiana
08BSO001,vita,Soddisfazione per la propria vita,14-19,Totale,2018,53.4,FALSE,Valori percentuali,Istat - Indagine multiscopo sugli aspetti della vita quotidiana
08BSO001,vita,Soddisfazione per la propria vita,14-19,Totale,2019,56.9,FALSE,Valori percentuali,Istat - Indagine multiscopo sugli aspetti della vita quotidiana
08BSO001,vita,Soddisfazione per la propria vita,14-19,Totale,2020,55.8,FALSE,Valori percentuali,Istat - Indagine multiscopo sugli aspetti della vita quotidiana
08BSO001,vita,Soddisfazione per la propria vita,14-19,Totale,2021,52.3,FALSE,Valori percentuali,Istat - Indagine multiscopo sugli aspetti della vita quotidiana
08BSO001,vita,Soddisfazione per la propria vita,14-19,Totale,2022,58.2,FALSE,Valori percentuali,Istat - Indagine multiscopo sugli aspetti della vita quotidiana
08BSO001,vita,Soddisfazione per la propria vita,14-19,Totale,2023,55.8,FALSE,Valori percentuali,Istat - Indagine multiscopo sugli aspetti della vita quotidiana
08BSO001,vita,Soddisfazione per la propria vita,14-19,Totale,2024,57.8,FALSE,Valori percentuali,Istat - Indagine multiscopo sugli aspetti della vita quotidiana
08BSO001,vita,Soddisfazione per la propria vita,14-19,Totale,2025,56.4,FALSE,Valori percentuali,Istat - Indagine multiscopo sugli aspetti della vita quotidiana
08BSO001,vita,Soddisfazione per la propria vita,20-24,Femmine,2010,45.9,FALSE,Valori percentuali,Istat - Indagine multiscopo sugli aspetti della vita quotidiana
08BSO001,vita,Soddisfazione per la propria vita,20-24,Femmine,2011,48.8,FALSE,Valori percentuali,Istat - Indagine multiscopo sugli aspetti della vita quotidiana
08BSO001,vita,Soddisfazione per la propria vita,20-24,Femmine,2012,37.6,FALSE,Valori percentuali,Istat - Indagine multiscopo sugli aspetti della vita quotidiana
08BSO001,vita,Soddisfazione per la propria vita,20-24,Femmine,2013,32.5,FALSE,Valori percentuali,Istat - Indagine multiscopo sugli aspetti della vita quotidiana
08BSO001,vita,Soddisfazione per la propria vita,20-24,Femmine,2014,41.7,FALSE,Valori percentuali,Istat - Indagine multiscopo sugli aspetti della vita quotidiana
08BSO001,vita,Soddisfazione per la propria vita,20-24,Femmine,2015,38.1,FALSE,Valori percentuali,Istat - Indagine multiscopo sugli aspetti della vita quotidiana
08BSO001,vita,Soddisfazione per la propria vita,20-24,Femmine,2016,40.2,FALSE,Valori percentuali,Istat - Indagine multiscopo sugli aspetti della vita quotidiana
08BSO001,vita,Soddisfazione per la propria vita,20-24,Femmine,2017,41.2,FALSE,Valori percentuali,Istat - Indagine multiscopo sugli aspetti della vita quotidiana
08BSO001,vita,Soddisfazione per la propria vita,20-24,Femmine,2018,41.3,FALSE,Valori percentuali,Istat - Indagine multiscopo sugli aspetti della vita quotidiana
08BSO001,vita,Soddisfazione per la propria vita,20-24,Femmine,2019,45.9,FALSE,Valori percentuali,Istat - Indagine multiscopo sugli aspetti della vita quotidiana
08BSO001,vita,Soddisfazione per la propria vita,20-24,Femmine,2020,45.9,FALSE,Valori percentuali,Istat - Indagine multiscopo sugli aspetti della vita quotidiana
08BSO001,vita,Soddisfazione per la propria vita,20-24,Femmine,2021,47.7,FALSE,Valori percentuali,Istat - Indagine multiscopo sugli aspetti della vita quotidiana
08BSO001,vita,Soddisfazione per la propria vita,20-24,Femmine,2022,47.8,FALSE,Valori percentuali,Istat - Indagine multiscopo sugli aspetti della vita quotidiana
08BSO001,vita,Soddisfazione per la propria vita,20-24,Femmine,2023,45.9,FALSE,Valori percentuali,Istat - Indagine multiscopo sugli aspetti della vita quotidiana
08BSO001,vita,Soddisfazione per la propria vita,20-24,Femmine,2024,46.3,FALSE,Valori percentuali,Istat - Indagine multiscopo sugli aspetti della vita quotidiana
08BSO001,vita,Soddisfazione per la propria vita,20-24,Femmine,2025,50.5,FALSE,Valori percentuali,Istat - Indagine multiscopo sugli aspetti della vita quotidiana
08BSO001,vita,Soddisfazione per la propria vita,20-24,Maschi,2010,47.5,FALSE,Valori percentuali,Istat - Indagine multiscopo sugli aspetti della vita quotidiana
08BSO001,vita,Soddisfazione per la propria vita,20-24,Maschi,2011,46.7,FALSE,Valori percentuali,Istat - Indagine multiscopo sugli aspetti della vita quotidiana
08BSO001,vita,Soddisfazione per la propria vita,20-24,Maschi,2012,36.4,FALSE,Valori percentuali,Istat - Indagine multiscopo sugli aspetti della vita quotidiana
08BSO001,vita,Soddisfazione per la propria vita,20-24,Maschi,2013,32.5,FALSE,Valori percentuali,Istat - Indagine multiscopo sugli aspetti della vita quotidiana
08BSO001,vita,Soddisfazione per la propria vita,20-24,Maschi,2014,34.2,FALSE,Valori percentuali,Istat - Indagine multiscopo sugli aspetti della vita quotidiana
08BSO001,vita,Soddisfazione per la propria vita,20-24,Maschi,2015,38.7,FALSE,Valori percentuali,Istat - Indagine multiscopo sugli aspetti della vita quotidiana
08BSO001,vita,Soddisfazione per la propria vita,20-24,Maschi,2016,43.4,FALSE,Valori percentuali,Istat - Indagine multiscopo sugli aspetti della vita quotidiana
08BSO001,vita,Soddisfazione per la propria vita,20-24,Maschi,2017,39.1,FALSE,Valori percentuali,Istat - Indagine multiscopo sugli aspetti della vita quotidiana
08BSO001,vita,Soddisfazione per la propria vita,20-24,Maschi,2018,42.7,FALSE,Valori percentuali,Istat - Indagine multiscopo sugli aspetti della vita quotidiana
08BSO001,vita,Soddisfazione per la propria vita,20-24,Maschi,2019,42.9,FALSE,Valori percentuali,Istat - Indagine multiscopo sugli aspetti della vita quotidiana
08BSO001,vita,Soddisfazione per la propria vita,20-24,Maschi,2020,46,FALSE,Valori percentuali,Istat - Indagine multiscopo sugli aspetti della vita quotidiana
08BSO001,vita,Soddisfazione per la propria vita,20-24,Maschi,2021,48.8,FALSE,Valori percentuali,Istat - Indagine multiscopo sugli aspetti della vita quotidiana
08BSO001,vita,Soddisfazione per la propria vita,20-24,Maschi,2022,46,FALSE,Valori percentuali,Istat - Indagine multiscopo sugli aspetti della vita quotidiana
08BSO001,vita,Soddisfazione per la propria vita,20-24,Maschi,2023,51.6,FALSE,Valori percentuali,Istat - Indagine multiscopo sugli aspetti della vita quotidiana
08BSO001,vita,Soddisfazione per la propria vita,20-24,Maschi,2024,47.2,FALSE,Valori percentuali,Istat - Indagine multiscopo sugli aspetti della vita quotidiana
08BSO001,vita,Soddisfazione per la propria vita,20-24,Maschi,2025,48.4,FALSE,Valori percentuali,Istat - Indagine multiscopo sugli aspetti della vita quotidiana
08BSO001,vita,Soddisfazione per la propria vita,20-24,Totale,2010,46.7,FALSE,Valori percentuali,Istat - Indagine multiscopo sugli aspetti della vita quotidiana
08BSO001,vita,Soddisfazione per la propria vita,20-24,Totale,2011,47.7,FALSE,Valori percentuali,Istat - Indagine multiscopo sugli aspetti della vita quotidiana
08BSO001,vita,Soddisfazione per la propria vita,20-24,Totale,2012,37,FALSE,Valori percentuali,Istat - Indagine multiscopo sugli aspetti della vita quotidiana
08BSO001,vita,Soddisfazione per la propria vita,20-24,Totale,2013,32.5,FALSE,Valori percentuali,Istat - Indagine multiscopo sugli aspetti della vita quotidiana
08BSO001,vita,Soddisfazione per la propria vita,20-24,Totale,2014,37.8,FALSE,Valori percentuali,Istat - Indagine multiscopo sugli aspetti della vita quotidiana
08BSO001,vita,Soddisfazione per la propria vita,20-24,Totale,2015,38.4,FALSE,Valori percentuali,Istat - Indagine multiscopo sugli aspetti della vita quotidiana
08BSO001,vita,Soddisfazione per la propria vita,20-24,Totale,2016,41.9,FALSE,Valori percentuali,Istat - Indagine multiscopo sugli aspetti della vita quotidiana
08BSO001,vita,Soddisfazione per la propria vita,20-24,Totale,2017,40.1,FALSE,Valori percentuali,Istat - Indagine multiscopo sugli aspetti della vita quotidiana
08BSO001,vita,Soddisfazione per la propria vita,20-24,Totale,2018,42,FALSE,Valori percentuali,Istat - Indagine multiscopo sugli aspetti della vita quotidiana
08BSO001,vita,Soddisfazione per la propria vita,20-24,Totale,2019,44.4,FALSE,Valori percentuali,Istat - Indagine multiscopo sugli aspetti della vita quotidiana
08BSO001,vita,Soddisfazione per la propria vita,20-24,Totale,2020,46,FALSE,Valori percentuali,Istat - Indagine multiscopo sugli aspetti della vita quotidiana
08BSO001,vita,Soddisfazione per la propria vita,20-24,Totale,2021,48.3,FALSE,Valori percentuali,Istat - Indagine multiscopo sugli aspetti della vita quotidiana
08BSO001,vita,Soddisfazione per la propria vita,20-24,Totale,2022,46.8,FALSE,Valori percentuali,Istat - Indagine multiscopo sugli aspetti della vita quotidiana
08BSO001,vita,Soddisfazione per la propria vita,20-24,Totale,2023,48.8,FALSE,Valori percentuali,Istat - Indagine multiscopo sugli aspetti della vita quotidiana
08BSO001,vita,Soddisfazione per la propria vita,20-24,Totale,2024,46.8,FALSE,Valori percentuali,Istat - Indagine multiscopo sugli aspetti della vita quotidiana
08BSO001,vita,Soddisfazione per la propria vita,20-24,Totale,2025,49.4,FALSE,Valori percentuali,Istat - Indagine multiscopo sugli aspetti della vita quotidiana
08BSO001,vita,Soddisfazione per la propria vita,Totale,Femmine,2010,42.6,FALSE,Valori percentuali,Istat - Indagine multiscopo sugli aspetti della vita quotidiana
08BSO001,vita,Soddisfazione per la propria vita,Totale,Femmine,2011,44.9,FALSE,Valori percentuali,Istat - Indagine multiscopo sugli aspetti della vita quotidiana
08BSO001,vita,Soddisfazione per la propria vita,Totale,Femmine,2012,34.6,FALSE,Valori percentuali,Istat - Indagine multiscopo sugli aspetti della vita quotidiana
08BSO001,vita,Soddisfazione per la propria vita,Totale,Femmine,2013,34.3,FALSE,Valori percentuali,Istat - Indagine multiscopo sugli aspetti della vita quotidiana
08BSO001,vita,Soddisfazione per la propria vita,Totale,Femmine,2014,34.8,FALSE,Valori percentuali,Istat - Indagine multiscopo sugli aspetti della vita quotidiana
08BSO001,vita,Soddisfazione per la propria vita,Totale,Femmine,2015,34.4,FALSE,Valori percentuali,Istat - Indagine multiscopo sugli aspetti della vita quotidiana
08BSO001,vita,Soddisfazione per la propria vita,Totale,Femmine,2016,40,FALSE,Valori percentuali,Istat - Indagine multiscopo sugli aspetti della vita quotidiana
08BSO001,vita,Soddisfazione per la propria vita,Totale,Femmine,2017,38.6,FALSE,Valori percentuali,Istat - Indagine multiscopo sugli aspetti della vita quotidiana
08BSO001,vita,Soddisfazione per la propria vita,Totale,Femmine,2018,40.1,FALSE,Valori percentuali,Istat - Indagine multiscopo sugli aspetti della vita quotidiana
08BSO001,vita,Soddisfazione per la propria vita,Totale,Femmine,2019,42,FALSE,Valori percentuali,Istat - Indagine multiscopo sugli aspetti della vita quotidiana
08BSO001,vita,Soddisfazione per la propria vita,Totale,Femmine,2020,43.1,FALSE,Valori percentuali,Istat - Indagine multiscopo sugli aspetti della vita quotidiana
08BSO001,vita,Soddisfazione per la propria vita,Totale,Femmine,2021,44.3,FALSE,Valori percentuali,Istat - Indagine multiscopo sugli aspetti della vita quotidiana
08BSO001,vita,Soddisfazione per la propria vita,Totale,Femmine,2022,44.9,FALSE,Valori percentuali,Istat - Indagine multiscopo sugli aspetti della vita quotidiana
08BSO001,vita,Soddisfazione per la propria vita,Totale,Femmine,2023,44.8,FALSE,Valori percentuali,Istat - Indagine multiscopo sugli aspetti della vita quotidiana
08BSO001,vita,Soddisfazione per la propria vita,Totale,Femmine,2024,45,FALSE,Valori percentuali,Istat - Indagine multiscopo sugli aspetti della vita quotidiana
08BSO001,vita,Soddisfazione per la propria vita,Totale,Femmine,2025,46.4,FALSE,Valori percentuali,Istat - Indagine multiscopo sugli aspetti della vita quotidiana
08BSO001,vita,Soddisfazione per la propria vita,Totale,Maschi,2010,44.2,FALSE,Valori percentuali,Istat - Indagine multiscopo sugli aspetti della vita quotidiana
08BSO001,vita,Soddisfazione per la propria vita,Totale,Maschi,2011,46.9,FALSE,Valori percentuali,Istat - Indagine multiscopo sugli aspetti della vita quotidiana
08BSO001,vita,Soddisfazione per la propria vita,Totale,Maschi,2012,36,FALSE,Valori percentuali,Istat - Indagine multiscopo sugli aspetti della vita quotidiana
08BSO001,vita,Soddisfazione per la propria vita,Totale,Maschi,2013,35.8,FALSE,Valori percentuali,Istat - Indagine multiscopo sugli aspetti della vita quotidiana
08BSO001,vita,Soddisfazione per la propria vita,Totale,Maschi,2014,36,FALSE,Valori percentuali,Istat - Indagine multiscopo sugli aspetti della vita quotidiana
08BSO001,vita,Soddisfazione per la propria vita,Totale,Maschi,2015,35.8,FALSE,Valori percentuali,Istat - Indagine multiscopo sugli aspetti della vita quotidiana
08BSO001,vita,Soddisfazione per la propria vita,Totale,Maschi,2016,42.1,FALSE,Valori percentuali,Istat - Indagine multiscopo sugli aspetti della vita quotidiana
08BSO001,vita,Soddisfazione per la propria vita,Totale,Maschi,2017,40.6,FALSE,Valori percentuali,Istat - Indagine multiscopo sugli aspetti della vita quotidiana
08BSO001,vita,Soddisfazione per la propria vita,Totale,Maschi,2018,42.8,FALSE,Valori percentuali,Istat - Indagine multiscopo sugli aspetti della vita quotidiana
08BSO001,vita,Soddisfazione per la propria vita,Totale,Maschi,2019,44.6,FALSE,Valori percentuali,Istat - Indagine multiscopo sugli aspetti della vita quotidiana
08BSO001,vita,Soddisfazione per la propria vita,Totale,Maschi,2020,45.5,FALSE,Valori percentuali,Istat - Indagine multiscopo sugli aspetti della vita quotidiana
08BSO001,vita,Soddisfazione per la propria vita,Totale,Maschi,2021,47.7,FALSE,Valori percentuali,Istat - Indagine multiscopo sugli aspetti della vita quotidiana
08BSO001,vita,Soddisfazione per la propria vita,Totale,Maschi,2022,47.7,FALSE,Valori percentuali,Istat - Indagine multiscopo sugli aspetti della vita quotidiana
08BSO001,vita,Soddisfazione per la propria vita,Totale,Maschi,2023,48.7,FALSE,Valori percentuali,Istat - Indagine multiscopo sugli aspetti della vita quotidiana
08BSO001,vita,Soddisfazione per la propria vita,Totale,Maschi,2024,47.7,FALSE,Valori percentuali,Istat - Indagine multiscopo sugli aspetti della vita quotidiana
08BSO001,vita,Soddisfazione per la propria vita,Totale,Maschi,2025,48.8,FALSE,Valori percentuali,Istat - Indagine multiscopo sugli aspetti della vita quotidiana
08BSO001,vita,Soddisfazione per la propria vita,Totale,Totale,2010,43.4,FALSE,Valori percentuali,Istat - Indagine multiscopo sugli aspetti della vita quotidiana
08BSO001,vita,Soddisfazione per la propria vita,Totale,Totale,2011,45.9,FALSE,Valori percentuali,Istat - Indagine multiscopo sugli aspetti della vita quotidiana
08BSO001,vita,Soddisfazione per la propria vita,Totale,Totale,2012,35.3,FALSE,Valori percentuali,Istat - Indagine multiscopo sugli aspetti della vita quotidiana
08BSO001,vita,Soddisfazione per la propria vita,Totale,Totale,2013,35,FALSE,Valori percentuali,Istat - Indagine multiscopo sugli aspetti della vita quotidiana
08BSO001,vita,Soddisfazione per la propria vita,Totale,Totale,2014,35.4,FALSE,Valori percentuali,Istat - Indagine multiscopo sugli aspetti della vita quotidiana
08BSO001,vita,Soddisfazione per la propria vita,Totale,Totale,2015,35.1,FALSE,Valori percentuali,Istat - Indagine multiscopo sugli aspetti della vita quotidiana
08BSO001,vita,Soddisfazione per la propria vita,Totale,Totale,2016,41,FALSE,Valori percentuali,Istat - Indagine multiscopo sugli aspetti della vita quotidiana
08BSO001,vita,Soddisfazione per la propria vita,Totale,Totale,2017,39.6,FALSE,Valori percentuali,Istat - Indagine multiscopo sugli aspetti della vita quotidiana
08BSO001,vita,Soddisfazione per la propria vita,Totale,Totale,2018,41.4,FALSE,Valori percentuali,Istat - Indagine multiscopo sugli aspetti della vita quotidiana
08BSO001,vita,Soddisfazione per la propria vita,Totale,Totale,2019,43.2,FALSE,Valori percentuali,Istat - Indagine multiscopo sugli aspetti della vita quotidiana
08BSO001,vita,Soddisfazione per la propria vita,Totale,Totale,2020,44.3,FALSE,Valori percentuali,Istat - Indagine multiscopo sugli aspetti della vita quotidiana
08BSO001,vita,Soddisfazione per la propria vita,Totale,Totale,2021,46,FALSE,Valori percentuali,Istat - Indagine multiscopo sugli aspetti della vita quotidiana
08BSO001,vita,Soddisfazione per la propria vita,Totale,Totale,2022,46.2,FALSE,Valori percentuali,Istat - Indagine multiscopo sugli aspetti della vita quotidiana
08BSO001,vita,Soddisfazione per la propria vita,Totale,Totale,2023,46.6,FALSE,Valori percentuali,Istat - Indagine multiscopo sugli aspetti della vita quotidiana
08BSO001,vita,Soddisfazione per la propria vita,Totale,Totale,2024,46.3,FALSE,Valori percentuali,Istat - Indagine multiscopo sugli aspetti della vita quotidiana
08BSO001,vita,Soddisfazione per la propria vita,Totale,Totale,2025,47.6,FALSE,Valori percentuali,Istat - Indagine multiscopo sugli aspetti della vita quotidiana
