strumento,frequenza,eta,anno,valore,popolazione_rif,stima_nostra
internet,tutti i giorni,06-10,2001,0.9,6 anni e più,FALSE
internet,tutti i giorni,06-10,2002,0.8,6 anni e più,FALSE
internet,tutti i giorni,06-10,2003,1.1,6 anni e più,FALSE
internet,tutti i giorni,06-10,2005,1.1,6 anni e più,FALSE
internet,tutti i giorni,06-10,2006,1.5,6 anni e più,FALSE
internet,tutti i giorni,06-10,2007,1.8,6 anni e più,FALSE
internet,tutti i giorni,06-10,2008,2.1,6 anni e più,FALSE
internet,tutti i giorni,06-10,2009,3.3,6 anni e più,FALSE
internet,tutti i giorni,06-10,2010,5,6 anni e più,FALSE
internet,tutti i giorni,06-10,2011,4.4,6 anni e più,FALSE
internet,tutti i giorni,06-10,2012,4.7,6 anni e più,FALSE
internet,tutti i giorni,06-10,2013,8.1,6 anni e più,FALSE
internet,tutti i giorni,06-10,2014,9.1,6 anni e più,FALSE
internet,tutti i giorni,06-10,2015,8.7,6 anni e più,FALSE
internet,tutti i giorni,06-10,2016,10.6,6 anni e più,FALSE
internet,tutti i giorni,06-10,2017,18.3,6 anni e più,FALSE
internet,tutti i giorni,06-10,2018,21,6 anni e più,FALSE
internet,tutti i giorni,06-10,2019,27.4,6 anni e più,FALSE
internet,tutti i giorni,06-10,2020,42.8,6 anni e più,FALSE
internet,tutti i giorni,06-10,2021,55.5,6 anni e più,FALSE
internet,tutti i giorni,06-10,2022,44.6,6 anni e più,FALSE
internet,tutti i giorni,06-10,2023,45.4,6 anni e più,FALSE
internet,tutti i giorni,06-10,2024,45.7,6 anni e più,FALSE
internet,tutti i giorni,06-10,2025,44.5,6 anni e più,FALSE
internet,tutti i giorni,11-14,2001,4.2,6 anni e più,FALSE
internet,tutti i giorni,11-14,2002,5.2,6 anni e più,FALSE
internet,tutti i giorni,11-14,2003,4.5,6 anni e più,FALSE
internet,tutti i giorni,11-14,2005,5.7,6 anni e più,FALSE
internet,tutti i giorni,11-14,2006,8.8,6 anni e più,FALSE
internet,tutti i giorni,11-14,2007,14.1,6 anni e più,FALSE
internet,tutti i giorni,11-14,2008,16.3,6 anni e più,FALSE
internet,tutti i giorni,11-14,2009,23,6 anni e più,FALSE
internet,tutti i giorni,11-14,2010,32.8,6 anni e più,FALSE
internet,tutti i giorni,11-14,2011,30.6,6 anni e più,FALSE
internet,tutti i giorni,11-14,2012,33.2,6 anni e più,FALSE
internet,tutti i giorni,11-14,2013,43.2,6 anni e più,FALSE
internet,tutti i giorni,11-14,2014,44.6,6 anni e più,FALSE
internet,tutti i giorni,11-14,2015,48.9,6 anni e più,FALSE
internet,tutti i giorni,11-14,2016,50.6,6 anni e più,FALSE
internet,tutti i giorni,11-14,2017,59.8,6 anni e più,FALSE
internet,tutti i giorni,11-14,2018,62.1,6 anni e più,FALSE
internet,tutti i giorni,11-14,2019,68.3,6 anni e più,FALSE
internet,tutti i giorni,11-14,2020,76.9,6 anni e più,FALSE
internet,tutti i giorni,11-14,2021,86.3,6 anni e più,FALSE
internet,tutti i giorni,11-14,2022,80.8,6 anni e più,FALSE
internet,tutti i giorni,11-14,2023,82.4,6 anni e più,FALSE
internet,tutti i giorni,11-14,2024,82,6 anni e più,FALSE
internet,tutti i giorni,11-14,2025,84.6,6 anni e più,FALSE
internet,tutti i giorni,15-17,2001,9.7,6 anni e più,FALSE
internet,tutti i giorni,15-17,2002,10,6 anni e più,FALSE
internet,tutti i giorni,15-17,2003,9.2,6 anni e più,FALSE
internet,tutti i giorni,15-17,2005,12.4,6 anni e più,FALSE
internet,tutti i giorni,15-17,2006,17.2,6 anni e più,FALSE
internet,tutti i giorni,15-17,2007,24.7,6 anni e più,FALSE
internet,tutti i giorni,15-17,2008,32.2,6 anni e più,FALSE
internet,tutti i giorni,15-17,2009,44.2,6 anni e più,FALSE
internet,tutti i giorni,15-17,2010,52.9,6 anni e più,FALSE
internet,tutti i giorni,15-17,2011,53.1,6 anni e più,FALSE
internet,tutti i giorni,15-17,2012,56.7,6 anni e più,FALSE
internet,tutti i giorni,15-17,2013,63.9,6 anni e più,FALSE
internet,tutti i giorni,15-17,2014,70.7,6 anni e più,FALSE
internet,tutti i giorni,15-17,2015,73.4,6 anni e più,FALSE
internet,tutti i giorni,15-17,2016,75.3,6 anni e più,FALSE
internet,tutti i giorni,15-17,2017,82,6 anni e più,FALSE
internet,tutti i giorni,15-17,2018,84.4,6 anni e più,FALSE
internet,tutti i giorni,15-17,2019,83.7,6 anni e più,FALSE
internet,tutti i giorni,15-17,2020,86.8,6 anni e più,FALSE
internet,tutti i giorni,15-17,2021,93.5,6 anni e più,FALSE
internet,tutti i giorni,15-17,2022,92.8,6 anni e più,FALSE
internet,tutti i giorni,15-17,2023,91.6,6 anni e più,FALSE
internet,tutti i giorni,15-17,2024,92.8,6 anni e più,FALSE
internet,tutti i giorni,15-17,2025,94,6 anni e più,FALSE
internet,tutti i giorni,15-19,2001,10.62,6 anni e più,TRUE
internet,tutti i giorni,15-19,2002,12.08,6 anni e più,TRUE
internet,tutti i giorni,15-19,2003,10.8,6 anni e più,TRUE
internet,tutti i giorni,15-19,2005,13.560000000000002,6 anni e più,TRUE
internet,tutti i giorni,15-19,2006,19.72,6 anni e più,TRUE
internet,tutti i giorni,15-19,2007,26.26,6 anni e più,TRUE
internet,tutti i giorni,15-19,2008,33.44,6 anni e più,TRUE
internet,tutti i giorni,15-19,2009,45.24,6 anni e più,TRUE
internet,tutti i giorni,15-19,2010,54.54,6 anni e più,TRUE
internet,tutti i giorni,15-19,2011,56.34000000000001,6 anni e più,TRUE
internet,tutti i giorni,15-19,2012,60.42,6 anni e più,TRUE
internet,tutti i giorni,15-19,2013,66.38,6 anni e più,TRUE
internet,tutti i giorni,15-19,2014,73.1,6 anni e più,TRUE
internet,tutti i giorni,15-19,2015,74.96000000000001,6 anni e più,TRUE
internet,tutti i giorni,15-19,2016,78.34,6 anni e più,TRUE
internet,tutti i giorni,15-19,2017,82.08,6 anni e più,TRUE
internet,tutti i giorni,15-19,2018,84.84,6 anni e più,TRUE
internet,tutti i giorni,15-19,2019,85.02000000000001,6 anni e più,TRUE
internet,tutti i giorni,15-19,2020,87.35999999999999,6 anni e più,TRUE
internet,tutti i giorni,15-19,2021,93.34,6 anni e più,TRUE
internet,tutti i giorni,15-19,2022,93.03999999999999,6 anni e più,TRUE
internet,tutti i giorni,15-19,2023,92.32,6 anni e più,TRUE
internet,tutti i giorni,15-19,2024,93.47999999999999,6 anni e più,TRUE
internet,tutti i giorni,15-19,2025,94.84,6 anni e più,TRUE
internet,tutti i giorni,18-19,2001,12,6 anni e più,FALSE
internet,tutti i giorni,18-19,2002,15.2,6 anni e più,FALSE
internet,tutti i giorni,18-19,2003,13.2,6 anni e più,FALSE
internet,tutti i giorni,18-19,2005,15.3,6 anni e più,FALSE
internet,tutti i giorni,18-19,2006,23.5,6 anni e più,FALSE
internet,tutti i giorni,18-19,2007,28.6,6 anni e più,FALSE
internet,tutti i giorni,18-19,2008,35.3,6 anni e più,FALSE
internet,tutti i giorni,18-19,2009,46.8,6 anni e più,FALSE
internet,tutti i giorni,18-19,2010,57,6 anni e più,FALSE
internet,tutti i giorni,18-19,2011,61.2,6 anni e più,FALSE
internet,tutti i giorni,18-19,2012,66,6 anni e più,FALSE
internet,tutti i giorni,18-19,2013,70.1,6 anni e più,FALSE
internet,tutti i giorni,18-19,2014,76.7,6 anni e più,FALSE
internet,tutti i giorni,18-19,2015,77.3,6 anni e più,FALSE
internet,tutti i giorni,18-19,2016,82.9,6 anni e più,FALSE
internet,tutti i giorni,18-19,2017,82.2,6 anni e più,FALSE
internet,tutti i giorni,18-19,2018,85.5,6 anni e più,FALSE
internet,tutti i giorni,18-19,2019,87,6 anni e più,FALSE
internet,tutti i giorni,18-19,2020,88.2,6 anni e più,FALSE
internet,tutti i giorni,18-19,2021,93.1,6 anni e più,FALSE
internet,tutti i giorni,18-19,2022,93.4,6 anni e più,FALSE
internet,tutti i giorni,18-19,2023,93.4,6 anni e più,FALSE
internet,tutti i giorni,18-19,2024,94.5,6 anni e più,FALSE
internet,tutti i giorni,18-19,2025,96.1,6 anni e più,FALSE
internet,tutti i giorni,20-24,2001,13.4,6 anni e più,FALSE
internet,tutti i giorni,20-24,2002,16.4,6 anni e più,FALSE
internet,tutti i giorni,20-24,2003,17,6 anni e più,FALSE
internet,tutti i giorni,20-24,2005,20.3,6 anni e più,FALSE
internet,tutti i giorni,20-24,2006,28,6 anni e più,FALSE
internet,tutti i giorni,20-24,2007,32.2,6 anni e più,FALSE
internet,tutti i giorni,20-24,2008,33,6 anni e più,FALSE
internet,tutti i giorni,20-24,2009,45.3,6 anni e più,FALSE
internet,tutti i giorni,20-24,2010,52.4,6 anni e più,FALSE
internet,tutti i giorni,20-24,2011,58.7,6 anni e più,FALSE
internet,tutti i giorni,20-24,2012,60.4,6 anni e più,FALSE
internet,tutti i giorni,20-24,2013,65.5,6 anni e più,FALSE
internet,tutti i giorni,20-24,2014,70.7,6 anni e più,FALSE
internet,tutti i giorni,20-24,2015,74.6,6 anni e più,FALSE
internet,tutti i giorni,20-24,2016,78.9,6 anni e più,FALSE
internet,tutti i giorni,20-24,2017,80.8,6 anni e più,FALSE
internet,tutti i giorni,20-24,2018,85.2,6 anni e più,FALSE
internet,tutti i giorni,20-24,2019,86,6 anni e più,FALSE
internet,tutti i giorni,20-24,2020,87.2,6 anni e più,FALSE
internet,tutti i giorni,20-24,2021,90.1,6 anni e più,FALSE
internet,tutti i giorni,20-24,2022,90.4,6 anni e più,FALSE
internet,tutti i giorni,20-24,2023,93.6,6 anni e più,FALSE
internet,tutti i giorni,20-24,2024,93.2,6 anni e più,FALSE
internet,tutti i giorni,20-24,2025,95,6 anni e più,FALSE
internet,tutti i giorni,Totale,2001,7.1,6 anni e più,FALSE
internet,tutti i giorni,Totale,2002,8.5,6 anni e più,FALSE
internet,tutti i giorni,Totale,2003,9.1,6 anni e più,FALSE
internet,tutti i giorni,Totale,2005,11.1,6 anni e più,FALSE
internet,tutti i giorni,Totale,2006,14.1,6 anni e più,FALSE
internet,tutti i giorni,Totale,2007,16.1,6 anni e più,FALSE
internet,tutti i giorni,Totale,2008,17.7,6 anni e più,FALSE
internet,tutti i giorni,Totale,2009,21.8,6 anni e più,FALSE
internet,tutti i giorni,Totale,2010,26.4,6 anni e più,FALSE
internet,tutti i giorni,Totale,2011,28.3,6 anni e più,FALSE
internet,tutti i giorni,Totale,2012,29.6,6 anni e più,FALSE
internet,tutti i giorni,Totale,2013,33.6,6 anni e più,FALSE
internet,tutti i giorni,Totale,2014,37,6 anni e più,FALSE
internet,tutti i giorni,Totale,2015,40.3,6 anni e più,FALSE
internet,tutti i giorni,Totale,2016,44.6,6 anni e più,FALSE
internet,tutti i giorni,Totale,2017,47.6,6 anni e più,FALSE
internet,tutti i giorni,Totale,2018,52.1,6 anni e più,FALSE
internet,tutti i giorni,Totale,2019,54.7,6 anni e più,FALSE
internet,tutti i giorni,Totale,2020,59,6 anni e più,FALSE
internet,tutti i giorni,Totale,2021,63.4,6 anni e più,FALSE
internet,tutti i giorni,Totale,2022,65.1,6 anni e più,FALSE
internet,tutti i giorni,Totale,2023,67.6,6 anni e più,FALSE
internet,tutti i giorni,Totale,2024,71.2,6 anni e più,FALSE
internet,tutti i giorni,Totale,2025,72.4,6 anni e più,FALSE
internet,usano,06-10,2001,15.4,6 anni e più,FALSE
internet,usano,06-10,2002,15.5,6 anni e più,FALSE
internet,usano,06-10,2003,15.8,6 anni e più,FALSE
internet,usano,06-10,2005,13,6 anni e più,FALSE
internet,usano,06-10,2006,15.4,6 anni e più,FALSE
internet,usano,06-10,2007,18,6 anni e più,FALSE
internet,usano,06-10,2008,22.2,6 anni e più,FALSE
internet,usano,06-10,2009,30.5,6 anni e più,FALSE
internet,usano,06-10,2010,36.7,6 anni e più,FALSE
internet,usano,06-10,2011,38.3,6 anni e più,FALSE
internet,usano,06-10,2012,40.8,6 anni e più,FALSE
internet,usano,06-10,2013,45.1,6 anni e più,FALSE
internet,usano,06-10,2014,44.6,6 anni e più,FALSE
internet,usano,06-10,2015,43.8,6 anni e più,FALSE
internet,usano,06-10,2016,48.2,6 anni e più,FALSE
internet,usano,06-10,2017,53.7,6 anni e più,FALSE
internet,usano,06-10,2018,59.2,6 anni e più,FALSE
internet,usano,06-10,2019,62.5,6 anni e più,FALSE
internet,usano,06-10,2020,75.8,6 anni e più,FALSE
internet,usano,06-10,2021,89.1,6 anni e più,FALSE
internet,usano,06-10,2022,85.1,6 anni e più,FALSE
internet,usano,06-10,2023,86.8,6 anni e più,FALSE
internet,usano,06-10,2024,85.5,6 anni e più,FALSE
internet,usano,06-10,2025,86.5,6 anni e più,FALSE
internet,usano,11-14,2001,39.7,6 anni e più,FALSE
internet,usano,11-14,2002,40.2,6 anni e più,FALSE
internet,usano,11-14,2003,41.7,6 anni e più,FALSE
internet,usano,11-14,2005,44.2,6 anni e più,FALSE
internet,usano,11-14,2006,48.1,6 anni e più,FALSE
internet,usano,11-14,2007,55.8,6 anni e più,FALSE
internet,usano,11-14,2008,59.3,6 anni e più,FALSE
internet,usano,11-14,2009,69.6,6 anni e più,FALSE
internet,usano,11-14,2010,75.7,6 anni e più,FALSE
internet,usano,11-14,2011,78.1,6 anni e più,FALSE
internet,usano,11-14,2012,76.5,6 anni e più,FALSE
internet,usano,11-14,2013,80.8,6 anni e più,FALSE
internet,usano,11-14,2014,80.9,6 anni e più,FALSE
internet,usano,11-14,2015,80.4,6 anni e più,FALSE
internet,usano,11-14,2016,82.9,6 anni e più,FALSE
internet,usano,11-14,2017,86.1,6 anni e più,FALSE
internet,usano,11-14,2018,85.9,6 anni e più,FALSE
internet,usano,11-14,2019,90,6 anni e più,FALSE
internet,usano,11-14,2020,93.4,6 anni e più,FALSE
internet,usano,11-14,2021,96.6,6 anni e più,FALSE
internet,usano,11-14,2022,96.5,6 anni e più,FALSE
internet,usano,11-14,2023,96,6 anni e più,FALSE
internet,usano,11-14,2024,96.8,6 anni e più,FALSE
internet,usano,11-14,2025,96.5,6 anni e più,FALSE
internet,usano,15-17,2001,56.2,6 anni e più,FALSE
internet,usano,15-17,2002,57,6 anni e più,FALSE
internet,usano,15-17,2003,62.3,6 anni e più,FALSE
internet,usano,15-17,2005,63.5,6 anni e più,FALSE
internet,usano,15-17,2006,67.2,6 anni e più,FALSE
internet,usano,15-17,2007,70.1,6 anni e più,FALSE
internet,usano,15-17,2008,76.7,6 anni e più,FALSE
internet,usano,15-17,2009,82.1,6 anni e più,FALSE
internet,usano,15-17,2010,87.2,6 anni e più,FALSE
internet,usano,15-17,2011,89.1,6 anni e più,FALSE
internet,usano,15-17,2012,88.5,6 anni e più,FALSE
internet,usano,15-17,2013,89.7,6 anni e più,FALSE
internet,usano,15-17,2014,91.2,6 anni e più,FALSE
internet,usano,15-17,2015,92,6 anni e più,FALSE
internet,usano,15-17,2016,91.6,6 anni e più,FALSE
internet,usano,15-17,2017,93.9,6 anni e più,FALSE
internet,usano,15-17,2018,95.5,6 anni e più,FALSE
internet,usano,15-17,2019,94.7,6 anni e più,FALSE
internet,usano,15-17,2020,95.1,6 anni e più,FALSE
internet,usano,15-17,2021,98.3,6 anni e più,FALSE
internet,usano,15-17,2022,97.9,6 anni e più,FALSE
internet,usano,15-17,2023,98.6,6 anni e più,FALSE
internet,usano,15-17,2024,98,6 anni e più,FALSE
internet,usano,15-17,2025,98.4,6 anni e più,FALSE
internet,usano,15-19,2001,57.56,6 anni e più,TRUE
internet,usano,15-19,2002,58.52,6 anni e più,TRUE
internet,usano,15-19,2003,62.85999999999999,6 anni e più,TRUE
internet,usano,15-19,2005,65.06,6 anni e più,TRUE
internet,usano,15-19,2006,67.76,6 anni e più,TRUE
internet,usano,15-19,2007,71.97999999999999,6 anni e più,TRUE
internet,usano,15-19,2008,76.9,6 anni e più,TRUE
internet,usano,15-19,2009,82.74,6 anni e più,TRUE
internet,usano,15-19,2010,88.48,6 anni e più,TRUE
internet,usano,15-19,2011,88.97999999999999,6 anni e più,TRUE
internet,usano,15-19,2012,88.62,6 anni e più,TRUE
internet,usano,15-19,2013,89.82000000000001,6 anni e più,TRUE
internet,usano,15-19,2014,92.28,6 anni e più,TRUE
internet,usano,15-19,2015,92,6 anni e più,TRUE
internet,usano,15-19,2016,92.16,6 anni e più,TRUE
internet,usano,15-19,2017,93.42,6 anni e più,TRUE
internet,usano,15-19,2018,94.62,6 anni e più,TRUE
internet,usano,15-19,2019,94.1,6 anni e più,TRUE
internet,usano,15-19,2020,94.85999999999999,6 anni e più,TRUE
internet,usano,15-19,2021,97.9,6 anni e più,TRUE
internet,usano,15-19,2022,97.86000000000001,6 anni e più,TRUE
internet,usano,15-19,2023,98.67999999999999,6 anni e più,TRUE
internet,usano,15-19,2024,98.2,6 anni e più,TRUE
internet,usano,15-19,2025,98.36000000000001,6 anni e più,TRUE
internet,usano,18-19,2001,59.6,6 anni e più,FALSE
internet,usano,18-19,2002,60.8,6 anni e più,FALSE
internet,usano,18-19,2003,63.7,6 anni e più,FALSE
internet,usano,18-19,2005,67.4,6 anni e più,FALSE
internet,usano,18-19,2006,68.6,6 anni e più,FALSE
internet,usano,18-19,2007,74.8,6 anni e più,FALSE
internet,usano,18-19,2008,77.2,6 anni e più,FALSE
internet,usano,18-19,2009,83.7,6 anni e più,FALSE
internet,usano,18-19,2010,90.4,6 anni e più,FALSE
internet,usano,18-19,2011,88.8,6 anni e più,FALSE
internet,usano,18-19,2012,88.8,6 anni e più,FALSE
internet,usano,18-19,2013,90,6 anni e più,FALSE
internet,usano,18-19,2014,93.9,6 anni e più,FALSE
internet,usano,18-19,2015,92,6 anni e più,FALSE
internet,usano,18-19,2016,93,6 anni e più,FALSE
internet,usano,18-19,2017,92.7,6 anni e più,FALSE
internet,usano,18-19,2018,93.3,6 anni e più,FALSE
internet,usano,18-19,2019,93.2,6 anni e più,FALSE
internet,usano,18-19,2020,94.5,6 anni e più,FALSE
internet,usano,18-19,2021,97.3,6 anni e più,FALSE
internet,usano,18-19,2022,97.8,6 anni e più,FALSE
internet,usano,18-19,2023,98.8,6 anni e più,FALSE
internet,usano,18-19,2024,98.5,6 anni e più,FALSE
internet,usano,18-19,2025,98.3,6 anni e più,FALSE
internet,usano,20-24,2001,54.9,6 anni e più,FALSE
internet,usano,20-24,2002,55.4,6 anni e più,FALSE
internet,usano,20-24,2003,59.4,6 anni e più,FALSE
internet,usano,20-24,2005,63.1,6 anni e più,FALSE
internet,usano,20-24,2006,66.2,6 anni e più,FALSE
internet,usano,20-24,2007,68.4,6 anni e più,FALSE
internet,usano,20-24,2008,71,6 anni e più,FALSE
internet,usano,20-24,2009,77.6,6 anni e più,FALSE
internet,usano,20-24,2010,82.1,6 anni e più,FALSE
internet,usano,20-24,2011,85.8,6 anni e più,FALSE
internet,usano,20-24,2012,86,6 anni e più,FALSE
internet,usano,20-24,2013,85.7,6 anni e più,FALSE
internet,usano,20-24,2014,89.3,6 anni e più,FALSE
internet,usano,20-24,2015,90.7,6 anni e più,FALSE
internet,usano,20-24,2016,91.3,6 anni e più,FALSE
internet,usano,20-24,2017,92.4,6 anni e più,FALSE
internet,usano,20-24,2018,93.6,6 anni e più,FALSE
internet,usano,20-24,2019,94.2,6 anni e più,FALSE
internet,usano,20-24,2020,96.2,6 anni e più,FALSE
internet,usano,20-24,2021,95.4,6 anni e più,FALSE
internet,usano,20-24,2022,95.6,6 anni e più,FALSE
internet,usano,20-24,2023,98,6 anni e più,FALSE
internet,usano,20-24,2024,97.7,6 anni e più,FALSE
internet,usano,20-24,2025,98.3,6 anni e più,FALSE
internet,usano,Totale,2001,27,6 anni e più,FALSE
internet,usano,Totale,2002,27.2,6 anni e più,FALSE
internet,usano,Totale,2003,29.9,6 anni e più,FALSE
internet,usano,Totale,2005,31.8,6 anni e più,FALSE
internet,usano,Totale,2006,34.1,6 anni e più,FALSE
internet,usano,Totale,2007,36.9,6 anni e più,FALSE
internet,usano,Totale,2008,40.2,6 anni e più,FALSE
internet,usano,Totale,2009,44.4,6 anni e più,FALSE
internet,usano,Totale,2010,48.9,6 anni e più,FALSE
internet,usano,Totale,2011,51.5,6 anni e più,FALSE
internet,usano,Totale,2012,52.5,6 anni e più,FALSE
internet,usano,Totale,2013,54.9,6 anni e più,FALSE
internet,usano,Totale,2014,57.5,6 anni e più,FALSE
internet,usano,Totale,2015,60.2,6 anni e più,FALSE
internet,usano,Totale,2016,63.2,6 anni e più,FALSE
internet,usano,Totale,2017,65.3,6 anni e più,FALSE
internet,usano,Totale,2018,68.5,6 anni e più,FALSE
internet,usano,Totale,2019,70.4,6 anni e più,FALSE
internet,usano,Totale,2020,73.3,6 anni e più,FALSE
internet,usano,Totale,2021,77.1,6 anni e più,FALSE
internet,usano,Totale,2022,78.5,6 anni e più,FALSE
internet,usano,Totale,2023,80.3,6 anni e più,FALSE
internet,usano,Totale,2024,82.7,6 anni e più,FALSE
internet,usano,Totale,2025,83.9,6 anni e più,FALSE
pc,tutti i giorni,06-10,2001,6.1,3 anni e più,FALSE
pc,tutti i giorni,06-10,2002,6.5,3 anni e più,FALSE
pc,tutti i giorni,06-10,2003,6.2,3 anni e più,FALSE
pc,tutti i giorni,06-10,2005,7.7,3 anni e più,FALSE
pc,tutti i giorni,06-10,2006,9.3,3 anni e più,FALSE
pc,tutti i giorni,06-10,2007,7.4,3 anni e più,FALSE
pc,tutti i giorni,06-10,2008,6.7,3 anni e più,FALSE
pc,tutti i giorni,06-10,2009,8.1,3 anni e più,FALSE
pc,tutti i giorni,06-10,2010,11,3 anni e più,FALSE
pc,tutti i giorni,06-10,2011,7.6,3 anni e più,FALSE
pc,tutti i giorni,06-10,2012,7.9,3 anni e più,FALSE
pc,tutti i giorni,06-10,2013,11.1,3 anni e più,FALSE
pc,tutti i giorni,06-10,2014,11.5,3 anni e più,FALSE
pc,tutti i giorni,06-10,2015,10.7,3 anni e più,FALSE
pc,tutti i giorni,06-10,2016,9.8,3 anni e più,FALSE
pc,tutti i giorni,06-10,2017,10.5,3 anni e più,FALSE
pc,tutti i giorni,06-10,2018,8.6,3 anni e più,FALSE
pc,tutti i giorni,06-10,2019,7.2,3 anni e più,FALSE
pc,tutti i giorni,06-10,2020,21.4,3 anni e più,FALSE
pc,tutti i giorni,06-10,2021,31.7,3 anni e più,FALSE
pc,tutti i giorni,06-10,2022,15.1,3 anni e più,FALSE
pc,tutti i giorni,06-10,2023,10,3 anni e più,FALSE
pc,tutti i giorni,06-10,2024,8.4,3 anni e più,FALSE
pc,tutti i giorni,06-10,2025,5.4,3 anni e più,FALSE
pc,tutti i giorni,11-14,2001,20.6,3 anni e più,FALSE
pc,tutti i giorni,11-14,2002,21.8,3 anni e più,FALSE
pc,tutti i giorni,11-14,2003,19.4,3 anni e più,FALSE
pc,tutti i giorni,11-14,2005,21.4,3 anni e più,FALSE
pc,tutti i giorni,11-14,2006,25.9,3 anni e più,FALSE
pc,tutti i giorni,11-14,2007,28.6,3 anni e più,FALSE
pc,tutti i giorni,11-14,2008,27.5,3 anni e più,FALSE
pc,tutti i giorni,11-14,2009,34.3,3 anni e più,FALSE
pc,tutti i giorni,11-14,2010,40.4,3 anni e più,FALSE
pc,tutti i giorni,11-14,2011,35.9,3 anni e più,FALSE
pc,tutti i giorni,11-14,2012,36.2,3 anni e più,FALSE
pc,tutti i giorni,11-14,2013,42.5,3 anni e più,FALSE
pc,tutti i giorni,11-14,2014,31.4,3 anni e più,FALSE
pc,tutti i giorni,11-14,2015,31.4,3 anni e più,FALSE
pc,tutti i giorni,11-14,2016,26.5,3 anni e più,FALSE
pc,tutti i giorni,11-14,2017,25,3 anni e più,FALSE
pc,tutti i giorni,11-14,2018,23.7,3 anni e più,FALSE
pc,tutti i giorni,11-14,2019,22.2,3 anni e più,FALSE
pc,tutti i giorni,11-14,2020,42.1,3 anni e più,FALSE
pc,tutti i giorni,11-14,2021,56.9,3 anni e più,FALSE
pc,tutti i giorni,11-14,2022,35.3,3 anni e più,FALSE
pc,tutti i giorni,11-14,2023,31.8,3 anni e più,FALSE
pc,tutti i giorni,11-14,2024,28.2,3 anni e più,FALSE
pc,tutti i giorni,11-14,2025,27.7,3 anni e più,FALSE
pc,tutti i giorni,15-17,2001,27.5,3 anni e più,FALSE
pc,tutti i giorni,15-17,2002,29.9,3 anni e più,FALSE
pc,tutti i giorni,15-17,2003,30,3 anni e più,FALSE
pc,tutti i giorni,15-17,2005,29.3,3 anni e più,FALSE
pc,tutti i giorni,15-17,2006,35.4,3 anni e più,FALSE
pc,tutti i giorni,15-17,2007,37.6,3 anni e più,FALSE
pc,tutti i giorni,15-17,2008,44.4,3 anni e più,FALSE
pc,tutti i giorni,15-17,2009,52,3 anni e più,FALSE
pc,tutti i giorni,15-17,2010,58.4,3 anni e più,FALSE
pc,tutti i giorni,15-17,2011,57.2,3 anni e più,FALSE
pc,tutti i giorni,15-17,2012,58.2,3 anni e più,FALSE
pc,tutti i giorni,15-17,2013,59.2,3 anni e più,FALSE
pc,tutti i giorni,15-17,2014,51.9,3 anni e più,FALSE
pc,tutti i giorni,15-17,2015,44.8,3 anni e più,FALSE
pc,tutti i giorni,15-17,2016,37.4,3 anni e più,FALSE
pc,tutti i giorni,15-17,2017,35.4,3 anni e più,FALSE
pc,tutti i giorni,15-17,2018,32.7,3 anni e più,FALSE
pc,tutti i giorni,15-17,2019,29.1,3 anni e più,FALSE
pc,tutti i giorni,15-17,2020,47.2,3 anni e più,FALSE
pc,tutti i giorni,15-17,2021,66.8,3 anni e più,FALSE
pc,tutti i giorni,15-17,2022,47,3 anni e più,FALSE
pc,tutti i giorni,15-17,2023,41.9,3 anni e più,FALSE
pc,tutti i giorni,15-17,2024,36.6,3 anni e più,FALSE
pc,tutti i giorni,15-17,2025,34.5,3 anni e più,FALSE
pc,tutti i giorni,15-19,2001,26.9,3 anni e più,TRUE
pc,tutti i giorni,15-19,2002,29.579999999999995,3 anni e più,TRUE
pc,tutti i giorni,15-19,2003,29.439999999999998,3 anni e più,TRUE
pc,tutti i giorni,15-19,2005,29.420000000000005,3 anni e più,TRUE
pc,tutti i giorni,15-19,2006,35.6,3 anni e più,TRUE
pc,tutti i giorni,15-19,2007,38.88,3 anni e più,TRUE
pc,tutti i giorni,15-19,2008,44.6,3 anni e più,TRUE
pc,tutti i giorni,15-19,2009,52.760000000000005,3 anni e più,TRUE
pc,tutti i giorni,15-19,2010,59.35999999999999,3 anni e più,TRUE
pc,tutti i giorni,15-19,2011,59.760000000000005,3 anni e più,TRUE
pc,tutti i giorni,15-19,2012,61.32000000000001,3 anni e più,TRUE
pc,tutti i giorni,15-19,2013,61.2,3 anni e più,TRUE
pc,tutti i giorni,15-19,2014,54.739999999999995,3 anni e più,TRUE
pc,tutti i giorni,15-19,2015,47.199999999999996,3 anni e più,TRUE
pc,tutti i giorni,15-19,2016,39,3 anni e più,TRUE
pc,tutti i giorni,15-19,2017,36.76,3 anni e più,TRUE
pc,tutti i giorni,15-19,2018,33.46,3 anni e più,TRUE
pc,tutti i giorni,15-19,2019,32.660000000000004,3 anni e più,TRUE
pc,tutti i giorni,15-19,2020,46.28000000000001,3 anni e più,TRUE
pc,tutti i giorni,15-19,2021,65.28,3 anni e più,TRUE
pc,tutti i giorni,15-19,2022,46.4,3 anni e più,TRUE
pc,tutti i giorni,15-19,2023,43.7,3 anni e più,TRUE
pc,tutti i giorni,15-19,2024,38.24,3 anni e più,TRUE
pc,tutti i giorni,15-19,2025,36.62,3 anni e più,TRUE
pc,tutti i giorni,18-19,2001,26,3 anni e più,FALSE
pc,tutti i giorni,18-19,2002,29.1,3 anni e più,FALSE
pc,tutti i giorni,18-19,2003,28.6,3 anni e più,FALSE
pc,tutti i giorni,18-19,2005,29.6,3 anni e più,FALSE
pc,tutti i giorni,18-19,2006,35.9,3 anni e più,FALSE
pc,tutti i giorni,18-19,2007,40.8,3 anni e più,FALSE
pc,tutti i giorni,18-19,2008,44.9,3 anni e più,FALSE
pc,tutti i giorni,18-19,2009,53.9,3 anni e più,FALSE
pc,tutti i giorni,18-19,2010,60.8,3 anni e più,FALSE
pc,tutti i giorni,18-19,2011,63.6,3 anni e più,FALSE
pc,tutti i giorni,18-19,2012,66,3 anni e più,FALSE
pc,tutti i giorni,18-19,2013,64.2,3 anni e più,FALSE
pc,tutti i giorni,18-19,2014,59,3 anni e più,FALSE
pc,tutti i giorni,18-19,2015,50.8,3 anni e più,FALSE
pc,tutti i giorni,18-19,2016,41.4,3 anni e più,FALSE
pc,tutti i giorni,18-19,2017,38.8,3 anni e più,FALSE
pc,tutti i giorni,18-19,2018,34.6,3 anni e più,FALSE
pc,tutti i giorni,18-19,2019,38,3 anni e più,FALSE
pc,tutti i giorni,18-19,2020,44.9,3 anni e più,FALSE
pc,tutti i giorni,18-19,2021,63,3 anni e più,FALSE
pc,tutti i giorni,18-19,2022,45.5,3 anni e più,FALSE
pc,tutti i giorni,18-19,2023,46.4,3 anni e più,FALSE
pc,tutti i giorni,18-19,2024,40.7,3 anni e più,FALSE
pc,tutti i giorni,18-19,2025,39.8,3 anni e più,FALSE
pc,tutti i giorni,20-24,2001,27.4,3 anni e più,FALSE
pc,tutti i giorni,20-24,2002,29,3 anni e più,FALSE
pc,tutti i giorni,20-24,2003,32.7,3 anni e più,FALSE
pc,tutti i giorni,20-24,2005,34.5,3 anni e più,FALSE
pc,tutti i giorni,20-24,2006,41.2,3 anni e più,FALSE
pc,tutti i giorni,20-24,2007,42.6,3 anni e più,FALSE
pc,tutti i giorni,20-24,2008,41.1,3 anni e più,FALSE
pc,tutti i giorni,20-24,2009,51.5,3 anni e più,FALSE
pc,tutti i giorni,20-24,2010,57.9,3 anni e più,FALSE
pc,tutti i giorni,20-24,2011,60.6,3 anni e più,FALSE
pc,tutti i giorni,20-24,2012,61,3 anni e più,FALSE
pc,tutti i giorni,20-24,2013,63.1,3 anni e più,FALSE
pc,tutti i giorni,20-24,2014,58.8,3 anni e più,FALSE
pc,tutti i giorni,20-24,2015,57.7,3 anni e più,FALSE
pc,tutti i giorni,20-24,2016,53.1,3 anni e più,FALSE
pc,tutti i giorni,20-24,2017,46.2,3 anni e più,FALSE
pc,tutti i giorni,20-24,2018,47.2,3 anni e più,FALSE
pc,tutti i giorni,20-24,2019,45.9,3 anni e più,FALSE
pc,tutti i giorni,20-24,2020,47.4,3 anni e più,FALSE
pc,tutti i giorni,20-24,2021,55.5,3 anni e più,FALSE
pc,tutti i giorni,20-24,2022,51.2,3 anni e più,FALSE
pc,tutti i giorni,20-24,2023,49.9,3 anni e più,FALSE
pc,tutti i giorni,20-24,2024,49.2,3 anni e più,FALSE
pc,tutti i giorni,20-24,2025,47.5,3 anni e più,FALSE
pc,tutti i giorni,Totale,2001,16.8,3 anni e più,FALSE
pc,tutti i giorni,Totale,2002,19,3 anni e più,FALSE
pc,tutti i giorni,Totale,2003,19.6,3 anni e più,FALSE
pc,tutti i giorni,Totale,2005,20.6,3 anni e più,FALSE
pc,tutti i giorni,Totale,2006,22.9,3 anni e più,FALSE
pc,tutti i giorni,Totale,2007,23.8,3 anni e più,FALSE
pc,tutti i giorni,Totale,2008,24.4,3 anni e più,FALSE
pc,tutti i giorni,Totale,2009,27,3 anni e più,FALSE
pc,tutti i giorni,Totale,2010,30.7,3 anni e più,FALSE
pc,tutti i giorni,Totale,2011,31.3,3 anni e più,FALSE
pc,tutti i giorni,Totale,2012,31.9,3 anni e più,FALSE
pc,tutti i giorni,Totale,2013,34.2,3 anni e più,FALSE
pc,tutti i giorni,Totale,2014,33.6,3 anni e più,FALSE
pc,tutti i giorni,Totale,2015,34.4,3 anni e più,FALSE
pc,tutti i giorni,Totale,2016,33.4,3 anni e più,FALSE
pc,tutti i giorni,Totale,2017,30.9,3 anni e più,FALSE
pc,tutti i giorni,Totale,2018,31.3,3 anni e più,FALSE
pc,tutti i giorni,Totale,2019,31,3 anni e più,FALSE
pc,tutti i giorni,Totale,2020,32.7,3 anni e più,FALSE
pc,tutti i giorni,Totale,2021,37,3 anni e più,FALSE
pc,tutti i giorni,Totale,2022,32.9,3 anni e più,FALSE
pc,tutti i giorni,Totale,2023,33.6,3 anni e più,FALSE
pc,tutti i giorni,Totale,2024,32.3,3 anni e più,FALSE
pc,tutti i giorni,Totale,2025,32.1,3 anni e più,FALSE
pc,usano,06-10,2001,49.7,3 anni e più,FALSE
pc,usano,06-10,2002,50.3,3 anni e più,FALSE
pc,usano,06-10,2003,51.2,3 anni e più,FALSE
pc,usano,06-10,2005,53.2,3 anni e più,FALSE
pc,usano,06-10,2006,54,3 anni e più,FALSE
pc,usano,06-10,2007,52.4,3 anni e più,FALSE
pc,usano,06-10,2008,57.4,3 anni e più,FALSE
pc,usano,06-10,2009,56.9,3 anni e più,FALSE
pc,usano,06-10,2010,59.1,3 anni e più,FALSE
pc,usano,06-10,2011,57,3 anni e più,FALSE
pc,usano,06-10,2012,53.2,3 anni e più,FALSE
pc,usano,06-10,2013,56.4,3 anni e più,FALSE
pc,usano,06-10,2014,53.1,3 anni e più,FALSE
pc,usano,06-10,2015,52.6,3 anni e più,FALSE
pc,usano,06-10,2016,52.9,3 anni e più,FALSE
pc,usano,06-10,2017,50.6,3 anni e più,FALSE
pc,usano,06-10,2018,47.2,3 anni e più,FALSE
pc,usano,06-10,2019,44.9,3 anni e più,FALSE
pc,usano,06-10,2020,62.4,3 anni e più,FALSE
pc,usano,06-10,2021,72.3,3 anni e più,FALSE
pc,usano,06-10,2022,57.1,3 anni e più,FALSE
pc,usano,06-10,2023,48.4,3 anni e più,FALSE
pc,usano,06-10,2024,44.5,3 anni e più,FALSE
pc,usano,06-10,2025,41.4,3 anni e più,FALSE
pc,usano,11-14,2001,73.1,3 anni e più,FALSE
pc,usano,11-14,2002,74.2,3 anni e più,FALSE
pc,usano,11-14,2003,75.5,3 anni e più,FALSE
pc,usano,11-14,2005,73.8,3 anni e più,FALSE
pc,usano,11-14,2006,74.3,3 anni e più,FALSE
pc,usano,11-14,2007,74.3,3 anni e più,FALSE
pc,usano,11-14,2008,77.6,3 anni e più,FALSE
pc,usano,11-14,2009,81.4,3 anni e più,FALSE
pc,usano,11-14,2010,83.6,3 anni e più,FALSE
pc,usano,11-14,2011,81.9,3 anni e più,FALSE
pc,usano,11-14,2012,80.8,3 anni e più,FALSE
pc,usano,11-14,2013,82.8,3 anni e più,FALSE
pc,usano,11-14,2014,80.4,3 anni e più,FALSE
pc,usano,11-14,2015,81,3 anni e più,FALSE
pc,usano,11-14,2016,78.4,3 anni e più,FALSE
pc,usano,11-14,2017,76.2,3 anni e più,FALSE
pc,usano,11-14,2018,74.3,3 anni e più,FALSE
pc,usano,11-14,2019,76.4,3 anni e più,FALSE
pc,usano,11-14,2020,83,3 anni e più,FALSE
pc,usano,11-14,2021,83.9,3 anni e più,FALSE
pc,usano,11-14,2022,81.5,3 anni e più,FALSE
pc,usano,11-14,2023,77.3,3 anni e più,FALSE
pc,usano,11-14,2024,76.2,3 anni e più,FALSE
pc,usano,11-14,2025,75.2,3 anni e più,FALSE
pc,usano,15-17,2001,76.9,3 anni e più,FALSE
pc,usano,15-17,2002,77.4,3 anni e più,FALSE
pc,usano,15-17,2003,77,3 anni e più,FALSE
pc,usano,15-17,2005,80.2,3 anni e più,FALSE
pc,usano,15-17,2006,79.7,3 anni e più,FALSE
pc,usano,15-17,2007,77.8,3 anni e più,FALSE
pc,usano,15-17,2008,81.9,3 anni e più,FALSE
pc,usano,15-17,2009,86,3 anni e più,FALSE
pc,usano,15-17,2010,89.3,3 anni e più,FALSE
pc,usano,15-17,2011,88.9,3 anni e più,FALSE
pc,usano,15-17,2012,88,3 anni e più,FALSE
pc,usano,15-17,2013,89.5,3 anni e più,FALSE
pc,usano,15-17,2014,86.3,3 anni e più,FALSE
pc,usano,15-17,2015,88,3 anni e più,FALSE
pc,usano,15-17,2016,83.2,3 anni e più,FALSE
pc,usano,15-17,2017,81.9,3 anni e più,FALSE
pc,usano,15-17,2018,83.2,3 anni e più,FALSE
pc,usano,15-17,2019,81,3 anni e più,FALSE
pc,usano,15-17,2020,83.4,3 anni e più,FALSE
pc,usano,15-17,2021,83.1,3 anni e più,FALSE
pc,usano,15-17,2022,83,3 anni e più,FALSE
pc,usano,15-17,2023,79.8,3 anni e più,FALSE
pc,usano,15-17,2024,81.5,3 anni e più,FALSE
pc,usano,15-17,2025,79.3,3 anni e più,FALSE
pc,usano,15-19,2001,75.17999999999999,3 anni e più,TRUE
pc,usano,15-19,2002,75.8,3 anni e più,TRUE
pc,usano,15-19,2003,75.28,3 anni e più,TRUE
pc,usano,15-19,2005,78.48,3 anni e più,TRUE
pc,usano,15-19,2006,78.78,3 anni e più,TRUE
pc,usano,15-19,2007,77.64,3 anni e più,TRUE
pc,usano,15-19,2008,81.14000000000001,3 anni e più,TRUE
pc,usano,15-19,2009,86,3 anni e più,TRUE
pc,usano,15-19,2010,89.5,3 anni e più,TRUE
pc,usano,15-19,2011,88.70000000000002,3 anni e più,TRUE
pc,usano,15-19,2012,87.52000000000001,3 anni e più,TRUE
pc,usano,15-19,2013,89.02000000000001,3 anni e più,TRUE
pc,usano,15-19,2014,87.41999999999999,3 anni e più,TRUE
pc,usano,15-19,2015,87.28,3 anni e più,TRUE
pc,usano,15-19,2016,82.88000000000001,3 anni e più,TRUE
pc,usano,15-19,2017,81.5,3 anni e più,TRUE
pc,usano,15-19,2018,81.64000000000001,3 anni e più,TRUE
pc,usano,15-19,2019,81.32000000000001,3 anni e più,TRUE
pc,usano,15-19,2020,82.8,3 anni e più,TRUE
pc,usano,15-19,2021,83.22,3 anni e più,TRUE
pc,usano,15-19,2022,82.12,3 anni e più,TRUE
pc,usano,15-19,2023,79.72,3 anni e più,TRUE
pc,usano,15-19,2024,81.17999999999999,3 anni e più,TRUE
pc,usano,15-19,2025,79.17999999999999,3 anni e più,TRUE
pc,usano,18-19,2001,72.6,3 anni e più,FALSE
pc,usano,18-19,2002,73.4,3 anni e più,FALSE
pc,usano,18-19,2003,72.7,3 anni e più,FALSE
pc,usano,18-19,2005,75.9,3 anni e più,FALSE
pc,usano,18-19,2006,77.4,3 anni e più,FALSE
pc,usano,18-19,2007,77.4,3 anni e più,FALSE
pc,usano,18-19,2008,80,3 anni e più,FALSE
pc,usano,18-19,2009,86,3 anni e più,FALSE
pc,usano,18-19,2010,89.8,3 anni e più,FALSE
pc,usano,18-19,2011,88.4,3 anni e più,FALSE
pc,usano,18-19,2012,86.8,3 anni e più,FALSE
pc,usano,18-19,2013,88.3,3 anni e più,FALSE
pc,usano,18-19,2014,89.1,3 anni e più,FALSE
pc,usano,18-19,2015,86.2,3 anni e più,FALSE
pc,usano,18-19,2016,82.4,3 anni e più,FALSE
pc,usano,18-19,2017,80.9,3 anni e più,FALSE
pc,usano,18-19,2018,79.3,3 anni e più,FALSE
pc,usano,18-19,2019,81.8,3 anni e più,FALSE
pc,usano,18-19,2020,81.9,3 anni e più,FALSE
pc,usano,18-19,2021,83.4,3 anni e più,FALSE
pc,usano,18-19,2022,80.8,3 anni e più,FALSE
pc,usano,18-19,2023,79.6,3 anni e più,FALSE
pc,usano,18-19,2024,80.7,3 anni e più,FALSE
pc,usano,18-19,2025,79,3 anni e più,FALSE
pc,usano,20-24,2001,63.6,3 anni e più,FALSE
pc,usano,20-24,2002,63.7,3 anni e più,FALSE
pc,usano,20-24,2003,67.2,3 anni e più,FALSE
pc,usano,20-24,2005,69.1,3 anni e più,FALSE
pc,usano,20-24,2006,72.4,3 anni e più,FALSE
pc,usano,20-24,2007,71.9,3 anni e più,FALSE
pc,usano,20-24,2008,73.8,3 anni e più,FALSE
pc,usano,20-24,2009,79,3 anni e più,FALSE
pc,usano,20-24,2010,82.8,3 anni e più,FALSE
pc,usano,20-24,2011,85.2,3 anni e più,FALSE
pc,usano,20-24,2012,84.4,3 anni e più,FALSE
pc,usano,20-24,2013,85,3 anni e più,FALSE
pc,usano,20-24,2014,83.8,3 anni e più,FALSE
pc,usano,20-24,2015,85.7,3 anni e più,FALSE
pc,usano,20-24,2016,83.2,3 anni e più,FALSE
pc,usano,20-24,2017,78.8,3 anni e più,FALSE
pc,usano,20-24,2018,80.3,3 anni e più,FALSE
pc,usano,20-24,2019,78.4,3 anni e più,FALSE
pc,usano,20-24,2020,78.9,3 anni e più,FALSE
pc,usano,20-24,2021,77.4,3 anni e più,FALSE
pc,usano,20-24,2022,79.1,3 anni e più,FALSE
pc,usano,20-24,2023,77.6,3 anni e più,FALSE
pc,usano,20-24,2024,78.1,3 anni e più,FALSE
pc,usano,20-24,2025,76.7,3 anni e più,FALSE
pc,usano,Totale,2001,36.9,3 anni e più,FALSE
pc,usano,Totale,2002,37.1,3 anni e più,FALSE
pc,usano,Totale,2003,38.7,3 anni e più,FALSE
pc,usano,Totale,2005,39.9,3 anni e più,FALSE
pc,usano,Totale,2006,41.4,3 anni e più,FALSE
pc,usano,Totale,2007,41.7,3 anni e più,FALSE
pc,usano,Totale,2008,44.9,3 anni e più,FALSE
pc,usano,Totale,2009,47.5,3 anni e più,FALSE
pc,usano,Totale,2010,51,3 anni e più,FALSE
pc,usano,Totale,2011,52.2,3 anni e più,FALSE
pc,usano,Totale,2012,52.4,3 anni e più,FALSE
pc,usano,Totale,2013,54.4,3 anni e più,FALSE
pc,usano,Totale,2014,54.8,3 anni e più,FALSE
pc,usano,Totale,2015,56.5,3 anni e più,FALSE
pc,usano,Totale,2016,56.1,3 anni e più,FALSE
pc,usano,Totale,2017,54,3 anni e più,FALSE
pc,usano,Totale,2018,54.6,3 anni e più,FALSE
pc,usano,Totale,2019,54.9,3 anni e più,FALSE
pc,usano,Totale,2020,55.4,3 anni e più,FALSE
pc,usano,Totale,2021,57.7,3 anni e più,FALSE
pc,usano,Totale,2022,56.2,3 anni e più,FALSE
pc,usano,Totale,2023,56.2,3 anni e più,FALSE
pc,usano,Totale,2024,56.1,3 anni e più,FALSE
pc,usano,Totale,2025,56.2,3 anni e più,FALSE
