indicatore,domanda,tavola,anno,sesso,variabile,categoria,risposta,percentuale
amici_di_persona,Frequenza con cui vedono gli amici nel tempo libero,8_a,2023,Maschi,eta,11-13 anni,Tutti i giorni,26.50168577367735
amici_di_persona,Frequenza con cui vedono gli amici nel tempo libero,8_a,2023,Maschi,eta,11-13 anni,Qualche volta a settimana,49.91166380484969
amici_di_persona,Frequenza con cui vedono gli amici nel tempo libero,8_a,2023,Maschi,eta,11-13 anni,Una volta a settimana,10.114051186541229
amici_di_persona,Frequenza con cui vedono gli amici nel tempo libero,8_a,2023,Maschi,eta,11-13 anni,Qualche volta al mese (meno di 4),9.646076159390402
amici_di_persona,Frequenza con cui vedono gli amici nel tempo libero,8_a,2023,Maschi,eta,11-13 anni,Qualche volta l'anno,2.2349352811809045
amici_di_persona,Frequenza con cui vedono gli amici nel tempo libero,8_a,2023,Maschi,eta,11-13 anni,Mai,1.5915877943604284
amici_di_persona,Frequenza con cui vedono gli amici nel tempo libero,8_a,2023,Maschi,eta,11-13 anni,Totale,100
amici_di_persona,Frequenza con cui vedono gli amici nel tempo libero,8_a,2023,Maschi,eta,14-19 anni,Tutti i giorni,26.005256234521173
amici_di_persona,Frequenza con cui vedono gli amici nel tempo libero,8_a,2023,Maschi,eta,14-19 anni,Qualche volta a settimana,51.04519222634652
amici_di_persona,Frequenza con cui vedono gli amici nel tempo libero,8_a,2023,Maschi,eta,14-19 anni,Una volta a settimana,12.388258016642348
amici_di_persona,Frequenza con cui vedono gli amici nel tempo libero,8_a,2023,Maschi,eta,14-19 anni,Qualche volta al mese (meno di 4),7.278220466580668
amici_di_persona,Frequenza con cui vedono gli amici nel tempo libero,8_a,2023,Maschi,eta,14-19 anni,Qualche volta l'anno,1.568023338433271
amici_di_persona,Frequenza con cui vedono gli amici nel tempo libero,8_a,2023,Maschi,eta,14-19 anni,Mai,1.715049717476012
amici_di_persona,Frequenza con cui vedono gli amici nel tempo libero,8_a,2023,Maschi,eta,14-19 anni,Totale,100
amici_di_persona,Frequenza con cui vedono gli amici nel tempo libero,8_a,2023,Maschi,ripartizione,Nord-ovest,Tutti i giorni,25.223120448115623
amici_di_persona,Frequenza con cui vedono gli amici nel tempo libero,8_a,2023,Maschi,ripartizione,Nord-ovest,Qualche volta a settimana,50.646353379614375
amici_di_persona,Frequenza con cui vedono gli amici nel tempo libero,8_a,2023,Maschi,ripartizione,Nord-ovest,Una volta a settimana,12.478696328951406
amici_di_persona,Frequenza con cui vedono gli amici nel tempo libero,8_a,2023,Maschi,ripartizione,Nord-ovest,Qualche volta al mese (meno di 4),8.063865565314215
amici_di_persona,Frequenza con cui vedono gli amici nel tempo libero,8_a,2023,Maschi,ripartizione,Nord-ovest,Qualche volta l'anno,1.9305386704236875
amici_di_persona,Frequenza con cui vedono gli amici nel tempo libero,8_a,2023,Maschi,ripartizione,Nord-ovest,Mai,1.6574256075806986
amici_di_persona,Frequenza con cui vedono gli amici nel tempo libero,8_a,2023,Maschi,ripartizione,Nord-ovest,Totale,100
amici_di_persona,Frequenza con cui vedono gli amici nel tempo libero,8_a,2023,Maschi,ripartizione,Nord-est,Tutti i giorni,20.865335480574178
amici_di_persona,Frequenza con cui vedono gli amici nel tempo libero,8_a,2023,Maschi,ripartizione,Nord-est,Qualche volta a settimana,53.80270676226018
amici_di_persona,Frequenza con cui vedono gli amici nel tempo libero,8_a,2023,Maschi,ripartizione,Nord-est,Una volta a settimana,12.06042211864538
amici_di_persona,Frequenza con cui vedono gli amici nel tempo libero,8_a,2023,Maschi,ripartizione,Nord-est,Qualche volta al mese (meno di 4),9.880921042444138
amici_di_persona,Frequenza con cui vedono gli amici nel tempo libero,8_a,2023,Maschi,ripartizione,Nord-est,Qualche volta l'anno,1.8655445268585764
amici_di_persona,Frequenza con cui vedono gli amici nel tempo libero,8_a,2023,Maschi,ripartizione,Nord-est,Mai,1.5250700692175476
amici_di_persona,Frequenza con cui vedono gli amici nel tempo libero,8_a,2023,Maschi,ripartizione,Nord-est,Totale,100
amici_di_persona,Frequenza con cui vedono gli amici nel tempo libero,8_a,2023,Maschi,ripartizione,Centro,Tutti i giorni,22.387811301986876
amici_di_persona,Frequenza con cui vedono gli amici nel tempo libero,8_a,2023,Maschi,ripartizione,Centro,Qualche volta a settimana,53.35264668373518
amici_di_persona,Frequenza con cui vedono gli amici nel tempo libero,8_a,2023,Maschi,ripartizione,Centro,Una volta a settimana,11.599040912178442
amici_di_persona,Frequenza con cui vedono gli amici nel tempo libero,8_a,2023,Maschi,ripartizione,Centro,Qualche volta al mese (meno di 4),9.527209956245004
amici_di_persona,Frequenza con cui vedono gli amici nel tempo libero,8_a,2023,Maschi,ripartizione,Centro,Qualche volta l'anno,1.8415415072541177
amici_di_persona,Frequenza con cui vedono gli amici nel tempo libero,8_a,2023,Maschi,ripartizione,Centro,Mai,1.2915561180552733
amici_di_persona,Frequenza con cui vedono gli amici nel tempo libero,8_a,2023,Maschi,ripartizione,Centro,Totale,100
amici_di_persona,Frequenza con cui vedono gli amici nel tempo libero,8_a,2023,Maschi,ripartizione,Sud,Tutti i giorni,32.77656414327923
amici_di_persona,Frequenza con cui vedono gli amici nel tempo libero,8_a,2023,Maschi,ripartizione,Sud,Qualche volta a settimana,46.80727501841666
amici_di_persona,Frequenza con cui vedono gli amici nel tempo libero,8_a,2023,Maschi,ripartizione,Sud,Una volta a settimana,11.590801693537223
amici_di_persona,Frequenza con cui vedono gli amici nel tempo libero,8_a,2023,Maschi,ripartizione,Sud,Qualche volta al mese (meno di 4),5.4028037873882075
amici_di_persona,Frequenza con cui vedono gli amici nel tempo libero,8_a,2023,Maschi,ripartizione,Sud,Qualche volta l'anno,1.57516145404904
amici_di_persona,Frequenza con cui vedono gli amici nel tempo libero,8_a,2023,Maschi,ripartizione,Sud,Mai,1.847234796112056
amici_di_persona,Frequenza con cui vedono gli amici nel tempo libero,8_a,2023,Maschi,ripartizione,Sud,Totale,100
amici_di_persona,Frequenza con cui vedono gli amici nel tempo libero,8_a,2023,Maschi,ripartizione,Isole,Tutti i giorni,30.29847541335624
amici_di_persona,Frequenza con cui vedono gli amici nel tempo libero,8_a,2023,Maschi,ripartizione,Isole,Qualche volta a settimana,48.85707952648459
amici_di_persona,Frequenza con cui vedono gli amici nel tempo libero,8_a,2023,Maschi,ripartizione,Isole,Una volta a settimana,9.237914481841418
amici_di_persona,Frequenza con cui vedono gli amici nel tempo libero,8_a,2023,Maschi,ripartizione,Isole,Qualche volta al mese (meno di 4),7.7025913124190435
amici_di_persona,Frequenza con cui vedono gli amici nel tempo libero,8_a,2023,Maschi,ripartizione,Isole,Qualche volta l'anno,1.6007813419964396
amici_di_persona,Frequenza con cui vedono gli amici nel tempo libero,8_a,2023,Maschi,ripartizione,Isole,Mai,2.3035042634397054
amici_di_persona,Frequenza con cui vedono gli amici nel tempo libero,8_a,2023,Maschi,ripartizione,Isole,Totale,100
amici_di_persona,Frequenza con cui vedono gli amici nel tempo libero,8_a,2023,Maschi,totale,Totale,Tutti i giorni,26.163456909547456
amici_di_persona,Frequenza con cui vedono gli amici nel tempo libero,8_a,2023,Maschi,totale,Totale,Qualche volta a settimana,50.68387678088595
amici_di_persona,Frequenza con cui vedono gli amici nel tempo libero,8_a,2023,Maschi,totale,Totale,Una volta a settimana,11.663385715544928
amici_di_persona,Frequenza con cui vedono gli amici nel tempo libero,8_a,2023,Maschi,totale,Totale,Qualche volta al mese (meno di 4),8.033018949658684
amici_di_persona,Frequenza con cui vedono gli amici nel tempo libero,8_a,2023,Maschi,totale,Totale,Qualche volta l'anno,1.78056577007426
amici_di_persona,Frequenza con cui vedono gli amici nel tempo libero,8_a,2023,Maschi,totale,Totale,Mai,1.6756582055043137
amici_di_persona,Frequenza con cui vedono gli amici nel tempo libero,8_a,2023,Maschi,totale,Totale,Totale,100
amici_di_persona,Frequenza con cui vedono gli amici nel tempo libero,8_a,2023,Femmine,eta,11-13 anni,Tutti i giorni,17.6417246091395
amici_di_persona,Frequenza con cui vedono gli amici nel tempo libero,8_a,2023,Femmine,eta,11-13 anni,Qualche volta a settimana,51.7345062497488
amici_di_persona,Frequenza con cui vedono gli amici nel tempo libero,8_a,2023,Femmine,eta,11-13 anni,Una volta a settimana,13.896396849001247
amici_di_persona,Frequenza con cui vedono gli amici nel tempo libero,8_a,2023,Femmine,eta,11-13 anni,Qualche volta al mese (meno di 4),12.649587034283188
amici_di_persona,Frequenza con cui vedono gli amici nel tempo libero,8_a,2023,Femmine,eta,11-13 anni,Qualche volta l'anno,1.874171054218078
amici_di_persona,Frequenza con cui vedono gli amici nel tempo libero,8_a,2023,Femmine,eta,11-13 anni,Mai,2.2036142036091797
amici_di_persona,Frequenza con cui vedono gli amici nel tempo libero,8_a,2023,Femmine,eta,11-13 anni,Totale,100
amici_di_persona,Frequenza con cui vedono gli amici nel tempo libero,8_a,2023,Femmine,eta,14-19 anni,Tutti i giorni,15.837130592360568
amici_di_persona,Frequenza con cui vedono gli amici nel tempo libero,8_a,2023,Femmine,eta,14-19 anni,Qualche volta a settimana,51.504863076670794
amici_di_persona,Frequenza con cui vedono gli amici nel tempo libero,8_a,2023,Femmine,eta,14-19 anni,Una volta a settimana,18.37851662101273
amici_di_persona,Frequenza con cui vedono gli amici nel tempo libero,8_a,2023,Femmine,eta,14-19 anni,Qualche volta al mese (meno di 4),10.284775186675956
amici_di_persona,Frequenza con cui vedono gli amici nel tempo libero,8_a,2023,Femmine,eta,14-19 anni,Qualche volta l'anno,2.0107663171629397
amici_di_persona,Frequenza con cui vedono gli amici nel tempo libero,8_a,2023,Femmine,eta,14-19 anni,Mai,1.9839482061170155
amici_di_persona,Frequenza con cui vedono gli amici nel tempo libero,8_a,2023,Femmine,eta,14-19 anni,Totale,100
amici_di_persona,Frequenza con cui vedono gli amici nel tempo libero,8_a,2023,Femmine,ripartizione,Nord-ovest,Tutti i giorni,15.639160813656988
amici_di_persona,Frequenza con cui vedono gli amici nel tempo libero,8_a,2023,Femmine,ripartizione,Nord-ovest,Qualche volta a settimana,51.058252515705114
amici_di_persona,Frequenza con cui vedono gli amici nel tempo libero,8_a,2023,Femmine,ripartizione,Nord-ovest,Una volta a settimana,16.21813009637331
amici_di_persona,Frequenza con cui vedono gli amici nel tempo libero,8_a,2023,Femmine,ripartizione,Nord-ovest,Qualche volta al mese (meno di 4),12.737476180200773
amici_di_persona,Frequenza con cui vedono gli amici nel tempo libero,8_a,2023,Femmine,ripartizione,Nord-ovest,Qualche volta l'anno,2.6697929994863734
amici_di_persona,Frequenza con cui vedono gli amici nel tempo libero,8_a,2023,Femmine,ripartizione,Nord-ovest,Mai,1.6773393550191016
amici_di_persona,Frequenza con cui vedono gli amici nel tempo libero,8_a,2023,Femmine,ripartizione,Nord-ovest,Totale,100
amici_di_persona,Frequenza con cui vedono gli amici nel tempo libero,8_a,2023,Femmine,ripartizione,Nord-est,Tutti i giorni,14.484119997431527
amici_di_persona,Frequenza con cui vedono gli amici nel tempo libero,8_a,2023,Femmine,ripartizione,Nord-est,Qualche volta a settimana,50.74558232890134
amici_di_persona,Frequenza con cui vedono gli amici nel tempo libero,8_a,2023,Femmine,ripartizione,Nord-est,Una volta a settimana,17.008059621730116
amici_di_persona,Frequenza con cui vedono gli amici nel tempo libero,8_a,2023,Femmine,ripartizione,Nord-est,Qualche volta al mese (meno di 4),13.2785944649393
amici_di_persona,Frequenza con cui vedono gli amici nel tempo libero,8_a,2023,Femmine,ripartizione,Nord-est,Qualche volta l'anno,2.473812961263689
amici_di_persona,Frequenza con cui vedono gli amici nel tempo libero,8_a,2023,Femmine,ripartizione,Nord-est,Mai,2.009830625734035
amici_di_persona,Frequenza con cui vedono gli amici nel tempo libero,8_a,2023,Femmine,ripartizione,Nord-est,Totale,100
amici_di_persona,Frequenza con cui vedono gli amici nel tempo libero,8_a,2023,Femmine,ripartizione,Centro,Tutti i giorni,13.319531138619078
amici_di_persona,Frequenza con cui vedono gli amici nel tempo libero,8_a,2023,Femmine,ripartizione,Centro,Qualche volta a settimana,54.57672925176815
amici_di_persona,Frequenza con cui vedono gli amici nel tempo libero,8_a,2023,Femmine,ripartizione,Centro,Una volta a settimana,18.20587998289189
amici_di_persona,Frequenza con cui vedono gli amici nel tempo libero,8_a,2023,Femmine,ripartizione,Centro,Qualche volta al mese (meno di 4),10.646905560342244
amici_di_persona,Frequenza con cui vedono gli amici nel tempo libero,8_a,2023,Femmine,ripartizione,Centro,Qualche volta l'anno,1.7376715201629815
amici_di_persona,Frequenza con cui vedono gli amici nel tempo libero,8_a,2023,Femmine,ripartizione,Centro,Mai,1.513075926534306
amici_di_persona,Frequenza con cui vedono gli amici nel tempo libero,8_a,2023,Femmine,ripartizione,Centro,Totale,100
amici_di_persona,Frequenza con cui vedono gli amici nel tempo libero,8_a,2023,Femmine,ripartizione,Sud,Tutti i giorni,19.743469801433154
amici_di_persona,Frequenza con cui vedono gli amici nel tempo libero,8_a,2023,Femmine,ripartizione,Sud,Qualche volta a settimana,51.3267166981906
amici_di_persona,Frequenza con cui vedono gli amici nel tempo libero,8_a,2023,Femmine,ripartizione,Sud,Una volta a settimana,16.9744486702326
amici_di_persona,Frequenza con cui vedono gli amici nel tempo libero,8_a,2023,Femmine,ripartizione,Sud,Qualche volta al mese (meno di 4),8.009958849410538
amici_di_persona,Frequenza con cui vedono gli amici nel tempo libero,8_a,2023,Femmine,ripartizione,Sud,Qualche volta l'anno,1.0685933548916322
amici_di_persona,Frequenza con cui vedono gli amici nel tempo libero,8_a,2023,Femmine,ripartizione,Sud,Mai,2.8766431423593457
amici_di_persona,Frequenza con cui vedono gli amici nel tempo libero,8_a,2023,Femmine,ripartizione,Sud,Totale,100
amici_di_persona,Frequenza con cui vedono gli amici nel tempo libero,8_a,2023,Femmine,ripartizione,Isole,Tutti i giorni,20.029057623559595
amici_di_persona,Frequenza con cui vedono gli amici nel tempo libero,8_a,2023,Femmine,ripartizione,Isole,Qualche volta a settimana,49.514412359471635
amici_di_persona,Frequenza con cui vedono gli amici nel tempo libero,8_a,2023,Femmine,ripartizione,Isole,Una volta a settimana,16.258590668288374
amici_di_persona,Frequenza con cui vedono gli amici nel tempo libero,8_a,2023,Femmine,ripartizione,Isole,Qualche volta al mese (meno di 4),10.24928187743302
amici_di_persona,Frequenza con cui vedono gli amici nel tempo libero,8_a,2023,Femmine,ripartizione,Isole,Qualche volta l'anno,1.722754781014207
amici_di_persona,Frequenza con cui vedono gli amici nel tempo libero,8_a,2023,Femmine,ripartizione,Isole,Mai,2.225533000365993
amici_di_persona,Frequenza con cui vedono gli amici nel tempo libero,8_a,2023,Femmine,ripartizione,Isole,Totale,100
amici_di_persona,Frequenza con cui vedono gli amici nel tempo libero,8_a,2023,Femmine,totale,Totale,Tutti i giorni,16.415239871744372
amici_di_persona,Frequenza con cui vedono gli amici nel tempo libero,8_a,2023,Femmine,totale,Totale,Qualche volta a settimana,51.578389996736874
amici_di_persona,Frequenza con cui vedono gli amici nel tempo libero,8_a,2023,Femmine,totale,Totale,Una volta a settimana,16.942610474424317
amici_di_persona,Frequenza con cui vedono gli amici nel tempo libero,8_a,2023,Femmine,totale,Totale,Qualche volta al mese (meno di 4),11.042352603195768
amici_di_persona,Frequenza con cui vedono gli amici nel tempo libero,8_a,2023,Femmine,totale,Totale,Qualche volta l'anno,1.9670074504626915
amici_di_persona,Frequenza con cui vedono gli amici nel tempo libero,8_a,2023,Femmine,totale,Totale,Mai,2.0543191318402365
amici_di_persona,Frequenza con cui vedono gli amici nel tempo libero,8_a,2023,Femmine,totale,Totale,Totale,100
amici_di_persona,Frequenza con cui vedono gli amici nel tempo libero,8_a,2023,Totale,eta,11-13 anni,Tutti i giorni,22.20658783444381
amici_di_persona,Frequenza con cui vedono gli amici nel tempo libero,8_a,2023,Totale,eta,11-13 anni,Qualche volta a settimana,50.795334363132774
amici_di_persona,Frequenza con cui vedono gli amici nel tempo libero,8_a,2023,Totale,eta,11-13 anni,Una volta a settimana,11.947642187518076
amici_di_persona,Frequenza con cui vedono gli amici nel tempo libero,8_a,2023,Totale,eta,11-13 anni,Qualche volta al mese (meno di 4),11.102106623818567
amici_di_persona,Frequenza con cui vedono gli amici nel tempo libero,8_a,2023,Totale,eta,11-13 anni,Qualche volta l'anno,2.060045385051428
amici_di_persona,Frequenza con cui vedono gli amici nel tempo libero,8_a,2023,Totale,eta,11-13 anni,Mai,1.8882836060353472
amici_di_persona,Frequenza con cui vedono gli amici nel tempo libero,8_a,2023,Totale,eta,11-13 anni,Totale,100
amici_di_persona,Frequenza con cui vedono gli amici nel tempo libero,8_a,2023,Totale,eta,14-19 anni,Tutti i giorni,21.09466399975298
amici_di_persona,Frequenza con cui vedono gli amici nel tempo libero,8_a,2023,Totale,eta,14-19 anni,Qualche volta a settimana,51.26718426749648
amici_di_persona,Frequenza con cui vedono gli amici nel tempo libero,8_a,2023,Totale,eta,14-19 anni,Una volta a settimana,15.281175271809053
amici_di_persona,Frequenza con cui vedono gli amici nel tempo libero,8_a,2023,Totale,eta,14-19 anni,Qualche volta al mese (meno di 4),8.730225441121476
amici_di_persona,Frequenza con cui vedono gli amici nel tempo libero,8_a,2023,Totale,eta,14-19 anni,Qualche volta l'anno,1.781840284806254
amici_di_persona,Frequenza con cui vedono gli amici nel tempo libero,8_a,2023,Totale,eta,14-19 anni,Mai,1.8448821446011576
amici_di_persona,Frequenza con cui vedono gli amici nel tempo libero,8_a,2023,Totale,eta,14-19 anni,Totale,100
amici_di_persona,Frequenza con cui vedono gli amici nel tempo libero,8_a,2023,Totale,ripartizione,Nord-ovest,Tutti i giorni,20.593097777810403
amici_di_persona,Frequenza con cui vedono gli amici nel tempo libero,8_a,2023,Totale,ripartizione,Nord-ovest,Qualche volta a settimana,50.845342358149125
amici_di_persona,Frequenza con cui vedono gli amici nel tempo libero,8_a,2023,Totale,ripartizione,Nord-ovest,Una volta a settimana,14.28514796244228
amici_di_persona,Frequenza con cui vedono gli amici nel tempo libero,8_a,2023,Totale,ripartizione,Nord-ovest,Qualche volta al mese (meno di 4),10.321619181159472
amici_di_persona,Frequenza con cui vedono gli amici nel tempo libero,8_a,2023,Totale,ripartizione,Nord-ovest,Qualche volta l'anno,2.287673344736707
amici_di_persona,Frequenza con cui vedono gli amici nel tempo libero,8_a,2023,Totale,ripartizione,Nord-ovest,Mai,1.6670459634260042
amici_di_persona,Frequenza con cui vedono gli amici nel tempo libero,8_a,2023,Totale,ripartizione,Nord-ovest,Totale,100
amici_di_persona,Frequenza con cui vedono gli amici nel tempo libero,8_a,2023,Totale,ripartizione,Nord-est,Tutti i giorni,17.782809640497536
amici_di_persona,Frequenza con cui vedono gli amici nel tempo libero,8_a,2023,Totale,ripartizione,Nord-est,Qualche volta a settimana,52.32592462145128
amici_di_persona,Frequenza con cui vedono gli amici nel tempo libero,8_a,2023,Totale,ripartizione,Nord-est,Una volta a settimana,14.450440210164206
amici_di_persona,Frequenza con cui vedono gli amici nel tempo libero,8_a,2023,Totale,ripartizione,Nord-est,Qualche volta al mese (meno di 4),11.5222096258889
amici_di_persona,Frequenza con cui vedono gli amici nel tempo libero,8_a,2023,Totale,ripartizione,Nord-est,Qualche volta l'anno,2.1593761913290757
amici_di_persona,Frequenza con cui vedono gli amici nel tempo libero,8_a,2023,Totale,ripartizione,Nord-est,Mai,1.7592397106690054
amici_di_persona,Frequenza con cui vedono gli amici nel tempo libero,8_a,2023,Totale,ripartizione,Nord-est,Totale,100
amici_di_persona,Frequenza con cui vedono gli amici nel tempo libero,8_a,2023,Totale,ripartizione,Centro,Tutti i giorni,18.00220240986008
amici_di_persona,Frequenza con cui vedono gli amici nel tempo libero,8_a,2023,Totale,ripartizione,Centro,Qualche volta a settimana,53.94465196128395
amici_di_persona,Frequenza con cui vedono gli amici nel tempo libero,8_a,2023,Totale,ripartizione,Centro,Una volta a settimana,14.794318502041524
amici_di_persona,Frequenza con cui vedono gli amici nel tempo libero,8_a,2023,Totale,ripartizione,Centro,Qualche volta al mese (meno di 4),10.068830304520135
amici_di_persona,Frequenza con cui vedono gli amici nel tempo libero,8_a,2023,Totale,ripartizione,Centro,Qualche volta l'anno,1.7913066765795096
amici_di_persona,Frequenza con cui vedono gli amici nel tempo libero,8_a,2023,Totale,ripartizione,Centro,Mai,1.3987900735668846
amici_di_persona,Frequenza con cui vedono gli amici nel tempo libero,8_a,2023,Totale,ripartizione,Centro,Totale,100
amici_di_persona,Frequenza con cui vedono gli amici nel tempo libero,8_a,2023,Totale,ripartizione,Sud,Tutti i giorni,26.465879108929983
amici_di_persona,Frequenza con cui vedono gli amici nel tempo libero,8_a,2023,Totale,ripartizione,Sud,Qualche volta a settimana,48.99563820489358
amici_di_persona,Frequenza con cui vedono gli amici nel tempo libero,8_a,2023,Totale,ripartizione,Sud,Una volta a settimana,14.197622554953284
amici_di_persona,Frequenza con cui vedono gli amici nel tempo libero,8_a,2023,Totale,ripartizione,Sud,Qualche volta al mese (meno di 4),6.6652989040117845
amici_di_persona,Frequenza con cui vedono gli amici nel tempo libero,8_a,2023,Totale,ripartizione,Sud,Qualche volta l'anno,1.3298756293417917
amici_di_persona,Frequenza con cui vedono gli amici nel tempo libero,8_a,2023,Totale,ripartizione,Sud,Mai,2.3456855978695725
amici_di_persona,Frequenza con cui vedono gli amici nel tempo libero,8_a,2023,Totale,ripartizione,Sud,Totale,100
amici_di_persona,Frequenza con cui vedono gli amici nel tempo libero,8_a,2023,Totale,ripartizione,Isole,Tutti i giorni,25.33103493905023
amici_di_persona,Frequenza con cui vedono gli amici nel tempo libero,8_a,2023,Totale,ripartizione,Isole,Qualche volta a settimana,49.17502785074504
amici_di_persona,Frequenza con cui vedono gli amici nel tempo libero,8_a,2023,Totale,ripartizione,Isole,Una volta a settimana,12.633956272095071
amici_di_persona,Frequenza con cui vedono gli amici nel tempo libero,8_a,2023,Totale,ripartizione,Isole,Qualche volta al mese (meno di 4),8.934411718949772
amici_di_persona,Frequenza con cui vedono gli amici nel tempo libero,8_a,2023,Totale,ripartizione,Isole,Qualche volta l'anno,1.6596004155706674
amici_di_persona,Frequenza con cui vedono gli amici nel tempo libero,8_a,2023,Totale,ripartizione,Isole,Mai,2.265789986606608
amici_di_persona,Frequenza con cui vedono gli amici nel tempo libero,8_a,2023,Totale,ripartizione,Isole,Totale,100
amici_di_persona,Frequenza con cui vedono gli amici nel tempo libero,8_a,2023,Totale,totale,Totale,Tutti i giorni,21.44997331746843
amici_di_persona,Frequenza con cui vedono gli amici nel tempo libero,8_a,2023,Totale,totale,Totale,Qualche volta a settimana,51.1163959535936
amici_di_persona,Frequenza con cui vedono gli amici nel tempo libero,8_a,2023,Totale,totale,Totale,Una volta a settimana,14.216020919571672
amici_di_persona,Frequenza con cui vedono gli amici nel tempo libero,8_a,2023,Totale,totale,Totale,Qualche volta al mese (meno di 4),9.488125349338832
amici_di_persona,Frequenza con cui vedono gli amici nel tempo libero,8_a,2023,Totale,totale,Totale,Qualche volta l'anno,1.8706954598062633
amici_di_persona,Frequenza con cui vedono gli amici nel tempo libero,8_a,2023,Totale,totale,Totale,Mai,1.858769545221881
amici_di_persona,Frequenza con cui vedono gli amici nel tempo libero,8_a,2023,Totale,totale,Totale,Totale,100
amici_online,Frequenza di relazioni online o telefoniche con gli amici,9_a,2023,Maschi,eta,11-13 anni,Continuamente,4.0563744462000075
amici_online,Frequenza di relazioni online o telefoniche con gli amici,9_a,2023,Maschi,eta,11-13 anni,Più volte al giorno,27.95949888855931
amici_online,Frequenza di relazioni online o telefoniche con gli amici,9_a,2023,Maschi,eta,11-13 anni,Ogni giorno (o quasi ogni giorno),30.395214364469822
amici_online,Frequenza di relazioni online o telefoniche con gli amici,9_a,2023,Maschi,eta,11-13 anni,Qualche volta a settimana,21.863296931336478
amici_online,Frequenza di relazioni online o telefoniche con gli amici,9_a,2023,Maschi,eta,11-13 anni,Meno spesso,10.133313794982032
amici_online,Frequenza di relazioni online o telefoniche con gli amici,9_a,2023,Maschi,eta,11-13 anni,Mai,5.592301574452345
amici_online,Frequenza di relazioni online o telefoniche con gli amici,9_a,2023,Maschi,eta,11-13 anni,Totale,100
amici_online,Frequenza di relazioni online o telefoniche con gli amici,9_a,2023,Maschi,eta,14-19 anni,Continuamente,7.427624481689161
amici_online,Frequenza di relazioni online o telefoniche con gli amici,9_a,2023,Maschi,eta,14-19 anni,Più volte al giorno,40.9548918203237
amici_online,Frequenza di relazioni online o telefoniche con gli amici,9_a,2023,Maschi,eta,14-19 anni,Ogni giorno (o quasi ogni giorno),29.474448429903145
amici_online,Frequenza di relazioni online o telefoniche con gli amici,9_a,2023,Maschi,eta,14-19 anni,Qualche volta a settimana,13.672734430769044
amici_online,Frequenza di relazioni online o telefoniche con gli amici,9_a,2023,Maschi,eta,14-19 anni,Meno spesso,7.061413233701167
amici_online,Frequenza di relazioni online o telefoniche con gli amici,9_a,2023,Maschi,eta,14-19 anni,Mai,1.40894289747578
amici_online,Frequenza di relazioni online o telefoniche con gli amici,9_a,2023,Maschi,eta,14-19 anni,Totale,100
amici_online,Frequenza di relazioni online o telefoniche con gli amici,9_a,2023,Maschi,ripartizione,Nord-ovest,Continuamente,6.796581186870121
amici_online,Frequenza di relazioni online o telefoniche con gli amici,9_a,2023,Maschi,ripartizione,Nord-ovest,Più volte al giorno,35.60894413325304
amici_online,Frequenza di relazioni online o telefoniche con gli amici,9_a,2023,Maschi,ripartizione,Nord-ovest,Ogni giorno (o quasi ogni giorno),29.441673389158417
amici_online,Frequenza di relazioni online o telefoniche con gli amici,9_a,2023,Maschi,ripartizione,Nord-ovest,Qualche volta a settimana,15.965397157238137
amici_online,Frequenza di relazioni online o telefoniche con gli amici,9_a,2023,Maschi,ripartizione,Nord-ovest,Meno spesso,8.164418892663585
amici_online,Frequenza di relazioni online o telefoniche con gli amici,9_a,2023,Maschi,ripartizione,Nord-ovest,Mai,4.0229852408166975
amici_online,Frequenza di relazioni online o telefoniche con gli amici,9_a,2023,Maschi,ripartizione,Nord-ovest,Totale,100
amici_online,Frequenza di relazioni online o telefoniche con gli amici,9_a,2023,Maschi,ripartizione,Nord-est,Continuamente,4.557789683952987
amici_online,Frequenza di relazioni online o telefoniche con gli amici,9_a,2023,Maschi,ripartizione,Nord-est,Più volte al giorno,32.1675776955357
amici_online,Frequenza di relazioni online o telefoniche con gli amici,9_a,2023,Maschi,ripartizione,Nord-est,Ogni giorno (o quasi ogni giorno),31.027114077331643
amici_online,Frequenza di relazioni online o telefoniche con gli amici,9_a,2023,Maschi,ripartizione,Nord-est,Qualche volta a settimana,18.79422877405968
amici_online,Frequenza di relazioni online o telefoniche con gli amici,9_a,2023,Maschi,ripartizione,Nord-est,Meno spesso,9.49921801204726
amici_online,Frequenza di relazioni online o telefoniche con gli amici,9_a,2023,Maschi,ripartizione,Nord-est,Mai,3.953878195698292
amici_online,Frequenza di relazioni online o telefoniche con gli amici,9_a,2023,Maschi,ripartizione,Nord-est,Totale,100
amici_online,Frequenza di relazioni online o telefoniche con gli amici,9_a,2023,Maschi,ripartizione,Centro,Continuamente,6.4384285357655004
amici_online,Frequenza di relazioni online o telefoniche con gli amici,9_a,2023,Maschi,ripartizione,Centro,Più volte al giorno,37.5884630791828
amici_online,Frequenza di relazioni online o telefoniche con gli amici,9_a,2023,Maschi,ripartizione,Centro,Ogni giorno (o quasi ogni giorno),29.822483603971815
amici_online,Frequenza di relazioni online o telefoniche con gli amici,9_a,2023,Maschi,ripartizione,Centro,Qualche volta a settimana,16.743784603892472
amici_online,Frequenza di relazioni online o telefoniche con gli amici,9_a,2023,Maschi,ripartizione,Centro,Meno spesso,7.2388295103349645
amici_online,Frequenza di relazioni online o telefoniche con gli amici,9_a,2023,Maschi,ripartizione,Centro,Mai,2.168204187397555
amici_online,Frequenza di relazioni online o telefoniche con gli amici,9_a,2023,Maschi,ripartizione,Centro,Totale,100
amici_online,Frequenza di relazioni online o telefoniche con gli amici,9_a,2023,Maschi,ripartizione,Sud,Continuamente,7.222672142076381
amici_online,Frequenza di relazioni online o telefoniche con gli amici,9_a,2023,Maschi,ripartizione,Sud,Più volte al giorno,40.239169969467326
amici_online,Frequenza di relazioni online o telefoniche con gli amici,9_a,2023,Maschi,ripartizione,Sud,Ogni giorno (o quasi ogni giorno),29.231337121145827
amici_online,Frequenza di relazioni online o telefoniche con gli amici,9_a,2023,Maschi,ripartizione,Sud,Qualche volta a settimana,14.942395231874904
amici_online,Frequenza di relazioni online o telefoniche con gli amici,9_a,2023,Maschi,ripartizione,Sud,Meno spesso,7.049245274913406
amici_online,Frequenza di relazioni online o telefoniche con gli amici,9_a,2023,Maschi,ripartizione,Sud,Mai,1.3153393677397387
amici_online,Frequenza di relazioni online o telefoniche con gli amici,9_a,2023,Maschi,ripartizione,Sud,Totale,100
amici_online,Frequenza di relazioni online o telefoniche con gli amici,9_a,2023,Maschi,ripartizione,Isole,Continuamente,6.4381056612660785
amici_online,Frequenza di relazioni online o telefoniche con gli amici,9_a,2023,Maschi,ripartizione,Isole,Più volte al giorno,39.2111770695519
amici_online,Frequenza di relazioni online o telefoniche con gli amici,9_a,2023,Maschi,ripartizione,Isole,Ogni giorno (o quasi ogni giorno),29.380675639169617
amici_online,Frequenza di relazioni online o telefoniche con gli amici,9_a,2023,Maschi,ripartizione,Isole,Qualche volta a settimana,14.662630656590494
amici_online,Frequenza di relazioni online o telefoniche con gli amici,9_a,2023,Maschi,ripartizione,Isole,Meno spesso,8.721522231534907
amici_online,Frequenza di relazioni online o telefoniche con gli amici,9_a,2023,Maschi,ripartizione,Isole,Mai,1.5858887418869965
amici_online,Frequenza di relazioni online o telefoniche con gli amici,9_a,2023,Maschi,ripartizione,Isole,Totale,100
amici_online,Frequenza di relazioni online o telefoniche con gli amici,9_a,2023,Maschi,totale,Totale,Continuamente,6.353066502732117
amici_online,Frequenza di relazioni online o telefoniche con gli amici,9_a,2023,Maschi,totale,Totale,Più volte al giorno,36.8125352673994
amici_online,Frequenza di relazioni online o telefoniche con gli amici,9_a,2023,Maschi,totale,Totale,Ogni giorno (o quasi ogni giorno),29.76790755176256
amici_online,Frequenza di relazioni online o telefoniche con gli amici,9_a,2023,Maschi,totale,Totale,Qualche volta a settimana,16.283537460476026
amici_online,Frequenza di relazioni online o telefoniche con gli amici,9_a,2023,Maschi,totale,Totale,Meno spesso,8.040590375324234
amici_online,Frequenza di relazioni online o telefoniche con gli amici,9_a,2023,Maschi,totale,Totale,Mai,2.7424005110900667
amici_online,Frequenza di relazioni online o telefoniche con gli amici,9_a,2023,Maschi,totale,Totale,Totale,100
amici_online,Frequenza di relazioni online o telefoniche con gli amici,9_a,2023,Femmine,eta,11-13 anni,Continuamente,6.073535026727222
amici_online,Frequenza di relazioni online o telefoniche con gli amici,9_a,2023,Femmine,eta,11-13 anni,Più volte al giorno,34.83406012620072
amici_online,Frequenza di relazioni online o telefoniche con gli amici,9_a,2023,Femmine,eta,11-13 anni,Ogni giorno (o quasi ogni giorno),30.057950846027087
amici_online,Frequenza di relazioni online o telefoniche con gli amici,9_a,2023,Femmine,eta,11-13 anni,Qualche volta a settimana,17.84042040110928
amici_online,Frequenza di relazioni online o telefoniche con gli amici,9_a,2023,Femmine,eta,11-13 anni,Meno spesso,8.325755596640008
amici_online,Frequenza di relazioni online o telefoniche con gli amici,9_a,2023,Femmine,eta,11-13 anni,Mai,2.868403601141433
amici_online,Frequenza di relazioni online o telefoniche con gli amici,9_a,2023,Femmine,eta,11-13 anni,Totale,100
amici_online,Frequenza di relazioni online o telefoniche con gli amici,9_a,2023,Femmine,eta,14-19 anni,Continuamente,12.70621972972317
amici_online,Frequenza di relazioni online o telefoniche con gli amici,9_a,2023,Femmine,eta,14-19 anni,Più volte al giorno,48.41225534393783
amici_online,Frequenza di relazioni online o telefoniche con gli amici,9_a,2023,Femmine,eta,14-19 anni,Ogni giorno (o quasi ogni giorno),24.594102265212765
amici_online,Frequenza di relazioni online o telefoniche con gli amici,9_a,2023,Femmine,eta,14-19 anni,Qualche volta a settimana,8.39910085326586
amici_online,Frequenza di relazioni online o telefoniche con gli amici,9_a,2023,Femmine,eta,14-19 anni,Meno spesso,4.761783540547149
amici_online,Frequenza di relazioni online o telefoniche con gli amici,9_a,2023,Femmine,eta,14-19 anni,Mai,1.1265382673132218
amici_online,Frequenza di relazioni online o telefoniche con gli amici,9_a,2023,Femmine,eta,14-19 anni,Totale,100
amici_online,Frequenza di relazioni online o telefoniche con gli amici,9_a,2023,Femmine,ripartizione,Nord-ovest,Continuamente,9.690669324961327
amici_online,Frequenza di relazioni online o telefoniche con gli amici,9_a,2023,Femmine,ripartizione,Nord-ovest,Più volte al giorno,43.39686292864241
amici_online,Frequenza di relazioni online o telefoniche con gli amici,9_a,2023,Femmine,ripartizione,Nord-ovest,Ogni giorno (o quasi ogni giorno),27.598143651244705
amici_online,Frequenza di relazioni online o telefoniche con gli amici,9_a,2023,Femmine,ripartizione,Nord-ovest,Qualche volta a settimana,11.661596253263353
amici_online,Frequenza di relazioni online o telefoniche con gli amici,9_a,2023,Femmine,ripartizione,Nord-ovest,Meno spesso,4.975944662085566
amici_online,Frequenza di relazioni online o telefoniche con gli amici,9_a,2023,Femmine,ripartizione,Nord-ovest,Mai,2.676631219360976
amici_online,Frequenza di relazioni online o telefoniche con gli amici,9_a,2023,Femmine,ripartizione,Nord-ovest,Totale,100
amici_online,Frequenza di relazioni online o telefoniche con gli amici,9_a,2023,Femmine,ripartizione,Nord-est,Continuamente,8.850877320170596
amici_online,Frequenza di relazioni online o telefoniche con gli amici,9_a,2023,Femmine,ripartizione,Nord-est,Più volte al giorno,41.63889331927577
amici_online,Frequenza di relazioni online o telefoniche con gli amici,9_a,2023,Femmine,ripartizione,Nord-est,Ogni giorno (o quasi ogni giorno),26.927960528359883
amici_online,Frequenza di relazioni online o telefoniche con gli amici,9_a,2023,Femmine,ripartizione,Nord-est,Qualche volta a settimana,12.882759534940565
amici_online,Frequenza di relazioni online o telefoniche con gli amici,9_a,2023,Femmine,ripartizione,Nord-est,Meno spesso,7.435109791891494
amici_online,Frequenza di relazioni online o telefoniche con gli amici,9_a,2023,Femmine,ripartizione,Nord-est,Mai,2.2641923703904694
amici_online,Frequenza di relazioni online o telefoniche con gli amici,9_a,2023,Femmine,ripartizione,Nord-est,Totale,100
amici_online,Frequenza di relazioni online o telefoniche con gli amici,9_a,2023,Femmine,ripartizione,Centro,Continuamente,11.40664612867034
amici_online,Frequenza di relazioni online o telefoniche con gli amici,9_a,2023,Femmine,ripartizione,Centro,Più volte al giorno,46.70761868751046
amici_online,Frequenza di relazioni online o telefoniche con gli amici,9_a,2023,Femmine,ripartizione,Centro,Ogni giorno (o quasi ogni giorno),25.371863771511695
amici_online,Frequenza di relazioni online o telefoniche con gli amici,9_a,2023,Femmine,ripartizione,Centro,Qualche volta a settimana,10.66281527580628
amici_online,Frequenza di relazioni online o telefoniche con gli amici,9_a,2023,Femmine,ripartizione,Centro,Meno spesso,4.921887429465206
amici_online,Frequenza di relazioni online o telefoniche con gli amici,9_a,2023,Femmine,ripartizione,Centro,Mai,0.9293753267173712
amici_online,Frequenza di relazioni online o telefoniche con gli amici,9_a,2023,Femmine,ripartizione,Centro,Totale,100
amici_online,Frequenza di relazioni online o telefoniche con gli amici,9_a,2023,Femmine,ripartizione,Sud,Continuamente,12.513982387276537
amici_online,Frequenza di relazioni online o telefoniche con gli amici,9_a,2023,Femmine,ripartizione,Sud,Più volte al giorno,43.78351535859315
amici_online,Frequenza di relazioni online o telefoniche con gli amici,9_a,2023,Femmine,ripartizione,Sud,Ogni giorno (o quasi ogni giorno),25.017456798660405
amici_online,Frequenza di relazioni online o telefoniche con gli amici,9_a,2023,Femmine,ripartizione,Sud,Qualche volta a settimana,10.978123072125392
amici_online,Frequenza di relazioni online o telefoniche con gli amici,9_a,2023,Femmine,ripartizione,Sud,Meno spesso,6.6761238449700695
amici_online,Frequenza di relazioni online o telefoniche con gli amici,9_a,2023,Femmine,ripartizione,Sud,Mai,1.03079853837445
amici_online,Frequenza di relazioni online o telefoniche con gli amici,9_a,2023,Femmine,ripartizione,Sud,Totale,100
amici_online,Frequenza di relazioni online o telefoniche con gli amici,9_a,2023,Femmine,ripartizione,Isole,Continuamente,10.14502933489096
amici_online,Frequenza di relazioni online o telefoniche con gli amici,9_a,2023,Femmine,ripartizione,Isole,Più volte al giorno,45.88257910438933
amici_online,Frequenza di relazioni online o telefoniche con gli amici,9_a,2023,Femmine,ripartizione,Isole,Ogni giorno (o quasi ogni giorno),26.887913729172595
amici_online,Frequenza di relazioni online o telefoniche con gli amici,9_a,2023,Femmine,ripartizione,Isole,Qualche volta a settimana,10.573499890941488
amici_online,Frequenza di relazioni online o telefoniche con gli amici,9_a,2023,Femmine,ripartizione,Isole,Meno spesso,5.497658014691476
amici_online,Frequenza di relazioni online o telefoniche con gli amici,9_a,2023,Femmine,ripartizione,Isole,Mai,1.0133199259141503
amici_online,Frequenza di relazioni online o telefoniche con gli amici,9_a,2023,Femmine,ripartizione,Isole,Totale,100
amici_online,Frequenza di relazioni online o telefoniche con gli amici,9_a,2023,Femmine,totale,Totale,Continuamente,10.581411302798925
amici_online,Frequenza di relazioni online o telefoniche con gli amici,9_a,2023,Femmine,totale,Totale,Più volte al giorno,44.06242342624718
amici_online,Frequenza di relazioni online o telefoniche con gli amici,9_a,2023,Femmine,totale,Totale,Ogni giorno (o quasi ogni giorno),26.34446912687112
amici_online,Frequenza di relazioni online o telefoniche con gli amici,9_a,2023,Femmine,totale,Totale,Qualche volta a settimana,11.423627023810338
amici_online,Frequenza di relazioni online o telefoniche con gli amici,9_a,2023,Femmine,totale,Totale,Meno spesso,5.903516970856004
amici_online,Frequenza di relazioni online o telefoniche con gli amici,9_a,2023,Femmine,totale,Totale,Mai,1.6845119136185704
amici_online,Frequenza di relazioni online o telefoniche con gli amici,9_a,2023,Femmine,totale,Totale,Totale,100
amici_online,Frequenza di relazioni online o telefoniche con gli amici,9_a,2023,Totale,eta,11-13 anni,Continuamente,5.034184916989925
amici_online,Frequenza di relazioni online o telefoniche con gli amici,9_a,2023,Totale,eta,11-13 anni,Più volte al giorno,31.29212227782544
amici_online,Frequenza di relazioni online o telefoniche con gli amici,9_a,2023,Totale,eta,11-13 anni,Ogni giorno (o quasi ogni giorno),30.23171705154254
amici_online,Frequenza di relazioni online o telefoniche con gli amici,9_a,2023,Totale,eta,11-13 anni,Qualche volta a settimana,19.913102300243978
amici_online,Frequenza di relazioni online o telefoniche con gli amici,9_a,2023,Totale,eta,11-13 anni,Meno spesso,9.257052675032925
amici_online,Frequenza di relazioni online o telefoniche con gli amici,9_a,2023,Totale,eta,11-13 anni,Mai,4.271881665206397
amici_online,Frequenza di relazioni online o telefoniche con gli amici,9_a,2023,Totale,eta,11-13 anni,Totale,100
amici_online,Frequenza di relazioni online o telefoniche con gli amici,9_a,2023,Totale,eta,14-19 anni,Continuamente,9.976824611542064
amici_online,Frequenza di relazioni online o telefoniche con gli amici,9_a,2023,Totale,eta,14-19 anni,Più volte al giorno,44.556328259106905
amici_online,Frequenza di relazioni online o telefoniche con gli amici,9_a,2023,Totale,eta,14-19 anni,Ogni giorno (o quasi ogni giorno),27.11752031920624
amici_online,Frequenza di relazioni online o telefoniche con gli amici,9_a,2023,Totale,eta,14-19 anni,Qualche volta a settimana,11.125901884565636
amici_online,Frequenza di relazioni online o telefoniche con gli amici,9_a,2023,Totale,eta,14-19 anni,Meno spesso,5.950837070100261
amici_online,Frequenza di relazioni online o telefoniche con gli amici,9_a,2023,Totale,eta,14-19 anni,Mai,1.2725592650662898
amici_online,Frequenza di relazioni online o telefoniche con gli amici,9_a,2023,Totale,eta,14-19 anni,Totale,100
amici_online,Frequenza di relazioni online o telefoniche con gli amici,9_a,2023,Totale,ripartizione,Nord-ovest,Continuamente,8.194718720864504
amici_online,Frequenza di relazioni online o telefoniche con gli amici,9_a,2023,Totale,ripartizione,Nord-ovest,Più volte al giorno,39.37137068060521
amici_online,Frequenza di relazioni online o telefoniche con gli amici,9_a,2023,Totale,ripartizione,Nord-ovest,Ogni giorno (o quasi ogni giorno),28.55106190857235
amici_online,Frequenza di relazioni online o telefoniche con gli amici,9_a,2023,Totale,ripartizione,Nord-ovest,Qualche volta a settimana,13.886225654653972
amici_online,Frequenza di relazioni online o telefoniche con gli amici,9_a,2023,Totale,ripartizione,Nord-ovest,Meno spesso,6.624063075827539
amici_online,Frequenza di relazioni online o telefoniche con gli amici,9_a,2023,Totale,ripartizione,Nord-ovest,Mai,3.372559959476424
amici_online,Frequenza di relazioni online o telefoniche con gli amici,9_a,2023,Totale,ripartizione,Nord-ovest,Totale,100
amici_online,Frequenza di relazioni online o telefoniche con gli amici,9_a,2023,Totale,ripartizione,Nord-est,Continuamente,6.631619286998617
amici_online,Frequenza di relazioni online o telefoniche con gli amici,9_a,2023,Totale,ripartizione,Nord-est,Più volte al giorno,36.74281500366717
amici_online,Frequenza di relazioni online o telefoniche con gli amici,9_a,2023,Totale,ripartizione,Nord-est,Ogni giorno (o quasi ogni giorno),29.0469667573536
amici_online,Frequenza di relazioni online o telefoniche con gli amici,9_a,2023,Totale,ripartizione,Nord-est,Qualche volta a settimana,15.938719783391983
amici_online,Frequenza di relazioni online o telefoniche con gli amici,9_a,2023,Totale,ripartizione,Nord-est,Meno spesso,8.502224814865587
amici_online,Frequenza di relazioni online o telefoniche con gli amici,9_a,2023,Totale,ripartizione,Nord-est,Mai,3.1377544128579995
amici_online,Frequenza di relazioni online o telefoniche con gli amici,9_a,2023,Totale,ripartizione,Nord-est,Totale,100
amici_online,Frequenza di relazioni online o telefoniche con gli amici,9_a,2023,Totale,ripartizione,Centro,Continuamente,8.841116713732685
amici_online,Frequenza di relazioni online o telefoniche con gli amici,9_a,2023,Totale,ripartizione,Centro,Più volte al giorno,41.99877688309041
amici_online,Frequenza di relazioni online o telefoniche con gli amici,9_a,2023,Totale,ripartizione,Centro,Ogni giorno (o quasi ogni giorno),27.670022243939872
amici_online,Frequenza di relazioni online o telefoniche con gli amici,9_a,2023,Totale,ripartizione,Centro,Qualche volta a settimana,13.802734425744612
amici_online,Frequenza di relazioni online o telefoniche con gli amici,9_a,2023,Totale,ripartizione,Centro,Meno spesso,6.118182672110736
amici_online,Frequenza di relazioni online o telefoniche con gli amici,9_a,2023,Totale,ripartizione,Centro,Mai,1.5691670613816826
amici_online,Frequenza di relazioni online o telefoniche con gli amici,9_a,2023,Totale,ripartizione,Centro,Totale,100
amici_online,Frequenza di relazioni online o telefoniche con gli amici,9_a,2023,Totale,ripartizione,Sud,Continuamente,9.78470048049502
amici_online,Frequenza di relazioni online o telefoniche con gli amici,9_a,2023,Totale,ripartizione,Sud,Più volte al giorno,41.95538084667244
amici_online,Frequenza di relazioni online o telefoniche con gli amici,9_a,2023,Totale,ripartizione,Sud,Ogni giorno (o quasi ogni giorno),27.190930092282944
amici_online,Frequenza di relazioni online o telefoniche con gli amici,9_a,2023,Totale,ripartizione,Sud,Qualche volta a settimana,13.022851210675112
amici_online,Frequenza di relazioni online o telefoniche con gli amici,9_a,2023,Totale,ripartizione,Sud,Meno spesso,6.868575789780351
amici_online,Frequenza di relazioni online o telefoniche con gli amici,9_a,2023,Totale,ripartizione,Sud,Mai,1.1775615800941297
amici_online,Frequenza di relazioni online o telefoniche con gli amici,9_a,2023,Totale,ripartizione,Sud,Totale,100
amici_online,Frequenza di relazioni online o telefoniche con gli amici,9_a,2023,Totale,ripartizione,Isole,Continuamente,8.230945709375911
amici_online,Frequenza di relazioni online o telefoniche con gli amici,9_a,2023,Totale,ripartizione,Isole,Più volte al giorno,42.43827684802881
amici_online,Frequenza di relazioni online o telefoniche con gli amici,9_a,2023,Totale,ripartizione,Isole,Ogni giorno (o quasi ogni giorno),28.17494023042356
amici_online,Frequenza di relazioni online o telefoniche con gli amici,9_a,2023,Totale,ripartizione,Isole,Qualche volta a settimana,12.684740295155311
amici_online,Frequenza di relazioni online o telefoniche con gli amici,9_a,2023,Totale,ripartizione,Isole,Meno spesso,7.162156604337028
amici_online,Frequenza di relazioni online o telefoniche con gli amici,9_a,2023,Totale,ripartizione,Isole,Mai,1.3089403126793755
amici_online,Frequenza di relazioni online o telefoniche con gli amici,9_a,2023,Totale,ripartizione,Isole,Totale,100
amici_online,Frequenza di relazioni online o telefoniche con gli amici,9_a,2023,Totale,totale,Totale,Continuamente,8.397516997346532
amici_online,Frequenza di relazioni online o telefoniche con gli amici,9_a,2023,Totale,totale,Totale,Più volte al giorno,40.318073674915134
amici_online,Frequenza di relazioni online o telefoniche con gli amici,9_a,2023,Totale,totale,Totale,Ogni giorno (o quasi ogni giorno),28.112590750276212
amici_online,Frequenza di relazioni online o telefoniche con gli amici,9_a,2023,Totale,totale,Totale,Qualche volta a settimana,13.93365105941226
amici_online,Frequenza di relazioni online o telefoniche con gli amici,9_a,2023,Totale,totale,Totale,Meno spesso,7.0072627457968935
amici_online,Frequenza di relazioni online o telefoniche con gli amici,9_a,2023,Totale,totale,Totale,Mai,2.2309242272522907
amici_online,Frequenza di relazioni online o telefoniche con gli amici,9_a,2023,Totale,totale,Totale,Totale,100
profilo_social,Disponibilità di un profilo sui social network (tra chi usa internet),10_a,2023,Maschi,eta,11-13 anni,"Sì, su un social network",26.77481106161313
profilo_social,Disponibilità di un profilo sui social network (tra chi usa internet),10_a,2023,Maschi,eta,11-13 anni,"Sì, su più social network",33.48692731387256
profilo_social,Disponibilità di un profilo sui social network (tra chi usa internet),10_a,2023,Maschi,eta,11-13 anni,No,39.7382616245143
profilo_social,Disponibilità di un profilo sui social network (tra chi usa internet),10_a,2023,Maschi,eta,11-13 anni,Totale,100
profilo_social,Disponibilità di un profilo sui social network (tra chi usa internet),10_a,2023,Maschi,eta,14-19 anni,"Sì, su un social network",23.741989042005645
profilo_social,Disponibilità di un profilo sui social network (tra chi usa internet),10_a,2023,Maschi,eta,14-19 anni,"Sì, su più social network",70.46704300182634
profilo_social,Disponibilità di un profilo sui social network (tra chi usa internet),10_a,2023,Maschi,eta,14-19 anni,No,5.790967956168023
profilo_social,Disponibilità di un profilo sui social network (tra chi usa internet),10_a,2023,Maschi,eta,14-19 anni,Totale,100
profilo_social,Disponibilità di un profilo sui social network (tra chi usa internet),10_a,2023,Maschi,ripartizione,Nord-ovest,"Sì, su un social network",26.7697869145269
profilo_social,Disponibilità di un profilo sui social network (tra chi usa internet),10_a,2023,Maschi,ripartizione,Nord-ovest,"Sì, su più social network",54.64154882308103
profilo_social,Disponibilità di un profilo sui social network (tra chi usa internet),10_a,2023,Maschi,ripartizione,Nord-ovest,No,18.58866426239206
profilo_social,Disponibilità di un profilo sui social network (tra chi usa internet),10_a,2023,Maschi,ripartizione,Nord-ovest,Totale,100
profilo_social,Disponibilità di un profilo sui social network (tra chi usa internet),10_a,2023,Maschi,ripartizione,Nord-est,"Sì, su un social network",24.266338285594415
profilo_social,Disponibilità di un profilo sui social network (tra chi usa internet),10_a,2023,Maschi,ripartizione,Nord-est,"Sì, su più social network",56.3363238541786
profilo_social,Disponibilità di un profilo sui social network (tra chi usa internet),10_a,2023,Maschi,ripartizione,Nord-est,No,19.39733786022698
profilo_social,Disponibilità di un profilo sui social network (tra chi usa internet),10_a,2023,Maschi,ripartizione,Nord-est,Totale,100
profilo_social,Disponibilità di un profilo sui social network (tra chi usa internet),10_a,2023,Maschi,ripartizione,Centro,"Sì, su un social network",23.908454185414005
profilo_social,Disponibilità di un profilo sui social network (tra chi usa internet),10_a,2023,Maschi,ripartizione,Centro,"Sì, su più social network",59.77908349504023
profilo_social,Disponibilità di un profilo sui social network (tra chi usa internet),10_a,2023,Maschi,ripartizione,Centro,No,16.312268465118805
profilo_social,Disponibilità di un profilo sui social network (tra chi usa internet),10_a,2023,Maschi,ripartizione,Centro,Totale,100
profilo_social,Disponibilità di un profilo sui social network (tra chi usa internet),10_a,2023,Maschi,ripartizione,Sud,"Sì, su un social network",24.23052423721256
profilo_social,Disponibilità di un profilo sui social network (tra chi usa internet),10_a,2023,Maschi,ripartizione,Sud,"Sì, su più social network",63.10863749283394
profilo_social,Disponibilità di un profilo sui social network (tra chi usa internet),10_a,2023,Maschi,ripartizione,Sud,No,12.660997515765334
profilo_social,Disponibilità di un profilo sui social network (tra chi usa internet),10_a,2023,Maschi,ripartizione,Sud,Totale,100
profilo_social,Disponibilità di un profilo sui social network (tra chi usa internet),10_a,2023,Maschi,ripartizione,Isole,"Sì, su un social network",22.92795153046176
profilo_social,Disponibilità di un profilo sui social network (tra chi usa internet),10_a,2023,Maschi,ripartizione,Isole,"Sì, su più social network",61.30105732161385
profilo_social,Disponibilità di un profilo sui social network (tra chi usa internet),10_a,2023,Maschi,ripartizione,Isole,No,15.770991147924397
profilo_social,Disponibilità di un profilo sui social network (tra chi usa internet),10_a,2023,Maschi,ripartizione,Isole,Totale,100
profilo_social,Disponibilità di un profilo sui social network (tra chi usa internet),10_a,2023,Maschi,totale,Totale,"Sì, su un social network",24.706937611720303
profilo_social,Disponibilità di un profilo sui social network (tra chi usa internet),10_a,2023,Maschi,totale,Totale,"Sì, su più social network",58.70145767996097
profilo_social,Disponibilità di un profilo sui social network (tra chi usa internet),10_a,2023,Maschi,totale,Totale,No,16.591604708318727
profilo_social,Disponibilità di un profilo sui social network (tra chi usa internet),10_a,2023,Maschi,totale,Totale,Totale,100
profilo_social,Disponibilità di un profilo sui social network (tra chi usa internet),10_a,2023,Femmine,eta,11-13 anni,"Sì, su un social network",26.81025540066784
profilo_social,Disponibilità di un profilo sui social network (tra chi usa internet),10_a,2023,Femmine,eta,11-13 anni,"Sì, su più social network",37.557704296556544
profilo_social,Disponibilità di un profilo sui social network (tra chi usa internet),10_a,2023,Femmine,eta,11-13 anni,No,35.632040302775614
profilo_social,Disponibilità di un profilo sui social network (tra chi usa internet),10_a,2023,Femmine,eta,11-13 anni,Totale,100
profilo_social,Disponibilità di un profilo sui social network (tra chi usa internet),10_a,2023,Femmine,eta,14-19 anni,"Sì, su un social network",18.194397632004662
profilo_social,Disponibilità di un profilo sui social network (tra chi usa internet),10_a,2023,Femmine,eta,14-19 anni,"Sì, su più social network",78.52911332269859
profilo_social,Disponibilità di un profilo sui social network (tra chi usa internet),10_a,2023,Femmine,eta,14-19 anni,No,3.276489045296737
profilo_social,Disponibilità di un profilo sui social network (tra chi usa internet),10_a,2023,Femmine,eta,14-19 anni,Totale,100
profilo_social,Disponibilità di un profilo sui social network (tra chi usa internet),10_a,2023,Femmine,ripartizione,Nord-ovest,"Sì, su un social network",22.399473326485765
profilo_social,Disponibilità di un profilo sui social network (tra chi usa internet),10_a,2023,Femmine,ripartizione,Nord-ovest,"Sì, su più social network",61.77258554634757
profilo_social,Disponibilità di un profilo sui social network (tra chi usa internet),10_a,2023,Femmine,ripartizione,Nord-ovest,No,15.827941127166662
profilo_social,Disponibilità di un profilo sui social network (tra chi usa internet),10_a,2023,Femmine,ripartizione,Nord-ovest,Totale,100
profilo_social,Disponibilità di un profilo sui social network (tra chi usa internet),10_a,2023,Femmine,ripartizione,Nord-est,"Sì, su un social network",20.493442571882493
profilo_social,Disponibilità di un profilo sui social network (tra chi usa internet),10_a,2023,Femmine,ripartizione,Nord-est,"Sì, su più social network",61.4178166827617
profilo_social,Disponibilità di un profilo sui social network (tra chi usa internet),10_a,2023,Femmine,ripartizione,Nord-est,No,18.088740745355807
profilo_social,Disponibilità di un profilo sui social network (tra chi usa internet),10_a,2023,Femmine,ripartizione,Nord-est,Totale,100
profilo_social,Disponibilità di un profilo sui social network (tra chi usa internet),10_a,2023,Femmine,ripartizione,Centro,"Sì, su un social network",19.215841158310255
profilo_social,Disponibilità di un profilo sui social network (tra chi usa internet),10_a,2023,Femmine,ripartizione,Centro,"Sì, su più social network",67.00358353270568
profilo_social,Disponibilità di un profilo sui social network (tra chi usa internet),10_a,2023,Femmine,ripartizione,Centro,No,13.780368526946802
profilo_social,Disponibilità di un profilo sui social network (tra chi usa internet),10_a,2023,Femmine,ripartizione,Centro,Totale,100
profilo_social,Disponibilità di un profilo sui social network (tra chi usa internet),10_a,2023,Femmine,ripartizione,Sud,"Sì, su un social network",21.998713922384027
profilo_social,Disponibilità di un profilo sui social network (tra chi usa internet),10_a,2023,Femmine,ripartizione,Sud,"Sì, su più social network",69.26512031951732
profilo_social,Disponibilità di un profilo sui social network (tra chi usa internet),10_a,2023,Femmine,ripartizione,Sud,No,8.736165758098641
profilo_social,Disponibilità di un profilo sui social network (tra chi usa internet),10_a,2023,Femmine,ripartizione,Sud,Totale,100
profilo_social,Disponibilità di un profilo sui social network (tra chi usa internet),10_a,2023,Femmine,ripartizione,Isole,"Sì, su un social network",19.026763449346568
profilo_social,Disponibilità di un profilo sui social network (tra chi usa internet),10_a,2023,Femmine,ripartizione,Isole,"Sì, su più social network",70.38827936550283
profilo_social,Disponibilità di un profilo sui social network (tra chi usa internet),10_a,2023,Femmine,ripartizione,Isole,No,10.584957185150602
profilo_social,Disponibilità di un profilo sui social network (tra chi usa internet),10_a,2023,Femmine,ripartizione,Isole,Totale,100
profilo_social,Disponibilità di un profilo sui social network (tra chi usa internet),10_a,2023,Femmine,totale,Totale,"Sì, su un social network",20.946656873266033
profilo_social,Disponibilità di un profilo sui social network (tra chi usa internet),10_a,2023,Femmine,totale,Totale,"Sì, su più social network",65.44113437894816
profilo_social,Disponibilità di un profilo sui social network (tra chi usa internet),10_a,2023,Femmine,totale,Totale,No,13.612168434665737
profilo_social,Disponibilità di un profilo sui social network (tra chi usa internet),10_a,2023,Femmine,totale,Totale,Totale,100
profilo_social,Disponibilità di un profilo sui social network (tra chi usa internet),10_a,2023,Totale,eta,11-13 anni,"Sì, su un social network",26.791983535652577
profilo_social,Disponibilità di un profilo sui social network (tra chi usa internet),10_a,2023,Totale,eta,11-13 anni,"Sì, su più social network",35.45918336151985
profilo_social,Disponibilità di un profilo sui social network (tra chi usa internet),10_a,2023,Totale,eta,11-13 anni,No,37.748833102827575
profilo_social,Disponibilità di un profilo sui social network (tra chi usa internet),10_a,2023,Totale,eta,11-13 anni,Totale,100
profilo_social,Disponibilità di un profilo sui social network (tra chi usa internet),10_a,2023,Totale,eta,14-19 anni,"Sì, su un social network",21.062436339082367
profilo_social,Disponibilità di un profilo sui social network (tra chi usa internet),10_a,2023,Totale,eta,14-19 anni,"Sì, su più social network",74.36115911509894
profilo_social,Disponibilità di un profilo sui social network (tra chi usa internet),10_a,2023,Totale,eta,14-19 anni,No,4.576433157467068
profilo_social,Disponibilità di un profilo sui social network (tra chi usa internet),10_a,2023,Totale,eta,14-19 anni,Totale,100
profilo_social,Disponibilità di un profilo sui social network (tra chi usa internet),10_a,2023,Totale,ripartizione,Nord-ovest,"Sì, su un social network",24.660195603158783
profilo_social,Disponibilità di un profilo sui social network (tra chi usa internet),10_a,2023,Totale,ripartizione,Nord-ovest,"Sì, su più social network",58.08383938325051
profilo_social,Disponibilità di un profilo sui social network (tra chi usa internet),10_a,2023,Totale,ripartizione,Nord-ovest,No,17.255965013590703
profilo_social,Disponibilità di un profilo sui social network (tra chi usa internet),10_a,2023,Totale,ripartizione,Nord-ovest,Totale,100
profilo_social,Disponibilità di un profilo sui social network (tra chi usa internet),10_a,2023,Totale,ripartizione,Nord-est,"Sì, su un social network",22.442902393101317
profilo_social,Disponibilità di un profilo sui social network (tra chi usa internet),10_a,2023,Totale,ripartizione,Nord-est,"Sì, su più social network",58.792067959099285
profilo_social,Disponibilità di un profilo sui social network (tra chi usa internet),10_a,2023,Totale,ripartizione,Nord-est,No,18.76492928287253
profilo_social,Disponibilità di un profilo sui social network (tra chi usa internet),10_a,2023,Totale,ripartizione,Nord-est,Totale,100
profilo_social,Disponibilità di un profilo sui social network (tra chi usa internet),10_a,2023,Totale,ripartizione,Centro,"Sì, su un social network",21.637879195678423
profilo_social,Disponibilità di un profilo sui social network (tra chi usa internet),10_a,2023,Totale,ripartizione,Centro,"Sì, su più social network",63.27493794092957
profilo_social,Disponibilità di un profilo sui social network (tra chi usa internet),10_a,2023,Totale,ripartizione,Centro,No,15.087182863392002
profilo_social,Disponibilità di un profilo sui social network (tra chi usa internet),10_a,2023,Totale,ripartizione,Centro,Totale,100
profilo_social,Disponibilità di un profilo sui social network (tra chi usa internet),10_a,2023,Totale,ripartizione,Sud,"Sì, su un social network",23.149975890233616
profilo_social,Disponibilità di un profilo sui social network (tra chi usa internet),10_a,2023,Totale,ripartizione,Sud,"Sì, su più social network",66.08926445908281
profilo_social,Disponibilità di un profilo sui social network (tra chi usa internet),10_a,2023,Totale,ripartizione,Sud,No,10.760759650683577
profilo_social,Disponibilità di un profilo sui social network (tra chi usa internet),10_a,2023,Totale,ripartizione,Sud,Totale,100
profilo_social,Disponibilità di un profilo sui social network (tra chi usa internet),10_a,2023,Totale,ripartizione,Isole,"Sì, su un social network",21.041314257862897
profilo_social,Disponibilità di un profilo sui social network (tra chi usa internet),10_a,2023,Totale,ripartizione,Isole,"Sì, su più social network",65.69569081682388
profilo_social,Disponibilità di un profilo sui social network (tra chi usa internet),10_a,2023,Totale,ripartizione,Isole,No,13.262994925313226
profilo_social,Disponibilità di un profilo sui social network (tra chi usa internet),10_a,2023,Totale,ripartizione,Isole,Totale,100
profilo_social,Disponibilità di un profilo sui social network (tra chi usa internet),10_a,2023,Totale,totale,Totale,"Sì, su un social network",22.888882868382392
profilo_social,Disponibilità di un profilo sui social network (tra chi usa internet),10_a,2023,Totale,totale,Totale,"Sì, su più social network",61.960023100553485
profilo_social,Disponibilità di un profilo sui social network (tra chi usa internet),10_a,2023,Totale,totale,Totale,No,15.15107454021576
profilo_social,Disponibilità di un profilo sui social network (tra chi usa internet),10_a,2023,Totale,totale,Totale,Totale,100
nuove_amicizie_online,Uso di internet per fare nuove amicizie (tra chi usa internet),11_a,2023,Maschi,eta,11-13 anni,Sì,30.09315267360271
nuove_amicizie_online,Uso di internet per fare nuove amicizie (tra chi usa internet),11_a,2023,Maschi,eta,11-13 anni,No,69.9068473263973
nuove_amicizie_online,Uso di internet per fare nuove amicizie (tra chi usa internet),11_a,2023,Maschi,eta,11-13 anni,Totale,100
nuove_amicizie_online,Uso di internet per fare nuove amicizie (tra chi usa internet),11_a,2023,Maschi,eta,14-19 anni,Sì,56.139133322264655
nuove_amicizie_online,Uso di internet per fare nuove amicizie (tra chi usa internet),11_a,2023,Maschi,eta,14-19 anni,No,43.86086667773535
nuove_amicizie_online,Uso di internet per fare nuove amicizie (tra chi usa internet),11_a,2023,Maschi,eta,14-19 anni,Totale,100
nuove_amicizie_online,Uso di internet per fare nuove amicizie (tra chi usa internet),11_a,2023,Maschi,ripartizione,Nord-ovest,Sì,47.26120319912627
nuove_amicizie_online,Uso di internet per fare nuove amicizie (tra chi usa internet),11_a,2023,Maschi,ripartizione,Nord-ovest,No,52.738796800873736
nuove_amicizie_online,Uso di internet per fare nuove amicizie (tra chi usa internet),11_a,2023,Maschi,ripartizione,Nord-ovest,Totale,100
nuove_amicizie_online,Uso di internet per fare nuove amicizie (tra chi usa internet),11_a,2023,Maschi,ripartizione,Nord-est,Sì,45.76506898139066
nuove_amicizie_online,Uso di internet per fare nuove amicizie (tra chi usa internet),11_a,2023,Maschi,ripartizione,Nord-est,No,54.23473678690257
nuove_amicizie_online,Uso di internet per fare nuove amicizie (tra chi usa internet),11_a,2023,Maschi,ripartizione,Nord-est,Totale,100
nuove_amicizie_online,Uso di internet per fare nuove amicizie (tra chi usa internet),11_a,2023,Maschi,ripartizione,Centro,Sì,45.19715964493622
nuove_amicizie_online,Uso di internet per fare nuove amicizie (tra chi usa internet),11_a,2023,Maschi,ripartizione,Centro,No,54.802840355063765
nuove_amicizie_online,Uso di internet per fare nuove amicizie (tra chi usa internet),11_a,2023,Maschi,ripartizione,Centro,Totale,100
nuove_amicizie_online,Uso di internet per fare nuove amicizie (tra chi usa internet),11_a,2023,Maschi,ripartizione,Sud,Sì,50.87967386457736
nuove_amicizie_online,Uso di internet per fare nuove amicizie (tra chi usa internet),11_a,2023,Maschi,ripartizione,Sud,No,49.12032613542264
nuove_amicizie_online,Uso di internet per fare nuove amicizie (tra chi usa internet),11_a,2023,Maschi,ripartizione,Sud,Totale,100
nuove_amicizie_online,Uso di internet per fare nuove amicizie (tra chi usa internet),11_a,2023,Maschi,ripartizione,Isole,Sì,51.179987577251794
nuove_amicizie_online,Uso di internet per fare nuove amicizie (tra chi usa internet),11_a,2023,Maschi,ripartizione,Isole,No,48.820012422748206
nuove_amicizie_online,Uso di internet per fare nuove amicizie (tra chi usa internet),11_a,2023,Maschi,ripartizione,Isole,Totale,100
nuove_amicizie_online,Uso di internet per fare nuove amicizie (tra chi usa internet),11_a,2023,Maschi,totale,Totale,Sì,47.85234749906888
nuove_amicizie_online,Uso di internet per fare nuove amicizie (tra chi usa internet),11_a,2023,Maschi,totale,Totale,No,52.14761476555198
nuove_amicizie_online,Uso di internet per fare nuove amicizie (tra chi usa internet),11_a,2023,Maschi,totale,Totale,Totale,100
nuove_amicizie_online,Uso di internet per fare nuove amicizie (tra chi usa internet),11_a,2023,Femmine,eta,11-13 anni,Sì,22.75183555821414
nuove_amicizie_online,Uso di internet per fare nuove amicizie (tra chi usa internet),11_a,2023,Femmine,eta,11-13 anni,No,77.24816444178586
nuove_amicizie_online,Uso di internet per fare nuove amicizie (tra chi usa internet),11_a,2023,Femmine,eta,11-13 anni,Totale,100
nuove_amicizie_online,Uso di internet per fare nuove amicizie (tra chi usa internet),11_a,2023,Femmine,eta,14-19 anni,Sì,53.552496506590835
nuove_amicizie_online,Uso di internet per fare nuove amicizie (tra chi usa internet),11_a,2023,Femmine,eta,14-19 anni,No,46.44756272883386
nuove_amicizie_online,Uso di internet per fare nuove amicizie (tra chi usa internet),11_a,2023,Femmine,eta,14-19 anni,Totale,100
nuove_amicizie_online,Uso di internet per fare nuove amicizie (tra chi usa internet),11_a,2023,Femmine,ripartizione,Nord-ovest,Sì,40.644839788233355
nuove_amicizie_online,Uso di internet per fare nuove amicizie (tra chi usa internet),11_a,2023,Femmine,ripartizione,Nord-ovest,No,59.355160211766645
nuove_amicizie_online,Uso di internet per fare nuove amicizie (tra chi usa internet),11_a,2023,Femmine,ripartizione,Nord-ovest,Totale,100
nuove_amicizie_online,Uso di internet per fare nuove amicizie (tra chi usa internet),11_a,2023,Femmine,ripartizione,Nord-est,Sì,42.313323572474374
nuove_amicizie_online,Uso di internet per fare nuove amicizie (tra chi usa internet),11_a,2023,Femmine,ripartizione,Nord-est,No,57.68667642752562
nuove_amicizie_online,Uso di internet per fare nuove amicizie (tra chi usa internet),11_a,2023,Femmine,ripartizione,Nord-est,Totale,100
nuove_amicizie_online,Uso di internet per fare nuove amicizie (tra chi usa internet),11_a,2023,Femmine,ripartizione,Centro,Sì,42.72737235861795
nuove_amicizie_online,Uso di internet per fare nuove amicizie (tra chi usa internet),11_a,2023,Femmine,ripartizione,Centro,No,57.272420859344784
nuove_amicizie_online,Uso di internet per fare nuove amicizie (tra chi usa internet),11_a,2023,Femmine,ripartizione,Centro,Totale,100
nuove_amicizie_online,Uso di internet per fare nuove amicizie (tra chi usa internet),11_a,2023,Femmine,ripartizione,Sud,Sì,46.97831143777709
nuove_amicizie_online,Uso di internet per fare nuove amicizie (tra chi usa internet),11_a,2023,Femmine,ripartizione,Sud,No,53.02168856222291
nuove_amicizie_online,Uso di internet per fare nuove amicizie (tra chi usa internet),11_a,2023,Femmine,ripartizione,Sud,Totale,100
nuove_amicizie_online,Uso di internet per fare nuove amicizie (tra chi usa internet),11_a,2023,Femmine,ripartizione,Isole,Sì,48.309082083717755
nuove_amicizie_online,Uso di internet per fare nuove amicizie (tra chi usa internet),11_a,2023,Femmine,ripartizione,Isole,No,51.690917916282245
nuove_amicizie_online,Uso di internet per fare nuove amicizie (tra chi usa internet),11_a,2023,Femmine,ripartizione,Isole,Totale,100
nuove_amicizie_online,Uso di internet per fare nuove amicizie (tra chi usa internet),11_a,2023,Femmine,totale,Totale,Sì,43.713410804399935
nuove_amicizie_online,Uso di internet per fare nuove amicizie (tra chi usa internet),11_a,2023,Femmine,totale,Totale,No,56.286548882480005
nuove_amicizie_online,Uso di internet per fare nuove amicizie (tra chi usa internet),11_a,2023,Femmine,totale,Totale,Totale,100
nuove_amicizie_online,Uso di internet per fare nuove amicizie (tra chi usa internet),11_a,2023,Totale,eta,11-13 anni,Sì,26.53634837306959
nuove_amicizie_online,Uso di internet per fare nuove amicizie (tra chi usa internet),11_a,2023,Totale,eta,11-13 anni,No,73.4636516269304
nuove_amicizie_online,Uso di internet per fare nuove amicizie (tra chi usa internet),11_a,2023,Totale,eta,11-13 anni,Totale,100
nuove_amicizie_online,Uso di internet per fare nuove amicizie (tra chi usa internet),11_a,2023,Totale,eta,14-19 anni,Sì,54.8897307071655
nuove_amicizie_online,Uso di internet per fare nuove amicizie (tra chi usa internet),11_a,2023,Totale,eta,14-19 anni,No,45.110269292834495
nuove_amicizie_online,Uso di internet per fare nuove amicizie (tra chi usa internet),11_a,2023,Totale,eta,14-19 anni,Totale,100
nuove_amicizie_online,Uso di internet per fare nuove amicizie (tra chi usa internet),11_a,2023,Totale,ripartizione,Nord-ovest,Sì,44.06735398728101
nuove_amicizie_online,Uso di internet per fare nuove amicizie (tra chi usa internet),11_a,2023,Totale,ripartizione,Nord-ovest,No,55.93264601271899
nuove_amicizie_online,Uso di internet per fare nuove amicizie (tra chi usa internet),11_a,2023,Totale,ripartizione,Nord-ovest,Totale,100
nuove_amicizie_online,Uso di internet per fare nuove amicizie (tra chi usa internet),11_a,2023,Totale,ripartizione,Nord-est,Sì,44.09703682589897
nuove_amicizie_online,Uso di internet per fare nuove amicizie (tra chi usa internet),11_a,2023,Totale,ripartizione,Nord-est,No,55.902963174101025
nuove_amicizie_online,Uso di internet per fare nuove amicizie (tra chi usa internet),11_a,2023,Totale,ripartizione,Nord-est,Totale,100
nuove_amicizie_online,Uso di internet per fare nuove amicizie (tra chi usa internet),11_a,2023,Totale,ripartizione,Centro,Sì,44.00215718429418
nuove_amicizie_online,Uso di internet per fare nuove amicizie (tra chi usa internet),11_a,2023,Totale,ripartizione,Centro,No,55.99784281570582
nuove_amicizie_online,Uso di internet per fare nuove amicizie (tra chi usa internet),11_a,2023,Totale,ripartizione,Centro,Totale,100
nuove_amicizie_online,Uso di internet per fare nuove amicizie (tra chi usa internet),11_a,2023,Totale,ripartizione,Sud,Sì,48.990798858831774
nuove_amicizie_online,Uso di internet per fare nuove amicizie (tra chi usa internet),11_a,2023,Totale,ripartizione,Sud,No,51.00920114116823
nuove_amicizie_online,Uso di internet per fare nuove amicizie (tra chi usa internet),11_a,2023,Totale,ripartizione,Sud,Totale,100
nuove_amicizie_online,Uso di internet per fare nuove amicizie (tra chi usa internet),11_a,2023,Totale,ripartizione,Isole,Sì,49.79160096333037
nuove_amicizie_online,Uso di internet per fare nuove amicizie (tra chi usa internet),11_a,2023,Totale,ripartizione,Isole,No,50.208399036669626
nuove_amicizie_online,Uso di internet per fare nuove amicizie (tra chi usa internet),11_a,2023,Totale,ripartizione,Isole,Totale,100
nuove_amicizie_online,Uso di internet per fare nuove amicizie (tra chi usa internet),11_a,2023,Totale,totale,Totale,Sì,45.851246235099005
nuove_amicizie_online,Uso di internet per fare nuove amicizie (tra chi usa internet),11_a,2023,Totale,totale,Totale,No,54.148753764900995
nuove_amicizie_online,Uso di internet per fare nuove amicizie (tra chi usa internet),11_a,2023,Totale,totale,Totale,Totale,100
